[0.000000] (-) TimerEvent: {}
[0.002602] (inspection_bot_description) JobQueued: {'identifier': 'inspection_bot_description', 'dependencies': OrderedDict()}
[0.004263] (inspection_bot_msgs) JobQueued: {'identifier': 'inspection_bot_msgs', 'dependencies': OrderedDict()}
[0.004740] (inspection_bot_nav) JobQueued: {'identifier': 'inspection_bot_nav', 'dependencies': OrderedDict([('inspection_bot_msgs', '/media/sf_inspection_bot_ws/src/install/inspection_bot_msgs')])}
[0.005628] (inspection_bot_vision) JobQueued: {'identifier': 'inspection_bot_vision', 'dependencies': OrderedDict([('inspection_bot_msgs', '/media/sf_inspection_bot_ws/src/install/inspection_bot_msgs')])}
[0.006117] (inspection_bot_bringup) JobQueued: {'identifier': 'inspection_bot_bringup', 'dependencies': OrderedDict([('inspection_bot_description', '/media/sf_inspection_bot_ws/src/install/inspection_bot_description'), ('inspection_bot_msgs', '/media/sf_inspection_bot_ws/src/install/inspection_bot_msgs'), ('inspection_bot_nav', '/media/sf_inspection_bot_ws/src/install/inspection_bot_nav'), ('inspection_bot_vision', '/media/sf_inspection_bot_ws/src/install/inspection_bot_vision')])}
[0.006880] (inspection_bot_msgs) JobStarted: {'identifier': 'inspection_bot_msgs'}
[0.051579] (inspection_bot_description) JobStarted: {'identifier': 'inspection_bot_description'}
[0.093064] (-) TimerEvent: {}
[0.093969] (inspection_bot_msgs) JobProgress: {'identifier': 'inspection_bot_msgs', 'progress': 'cmake'}
[0.125806] (inspection_bot_msgs) JobProgress: {'identifier': 'inspection_bot_msgs', 'progress': 'build'}
[0.132169] (inspection_bot_msgs) Command: {'cmd': ['/usr/bin/cmake', '--build', '/media/sf_inspection_bot_ws/src/build/inspection_bot_msgs', '--', '-j3', '-l3'], 'cwd': '/media/sf_inspection_bot_ws/src/build/inspection_bot_msgs', 'env': OrderedDict([('GJS_DEBUG_TOPICS', 'JS ERROR;JS LOG'), ('LESSOPEN', '| /usr/bin/lesspipe %s'), ('PYTHONWARNINGS', 'ignore:::setuptools.command.install'), ('USER', 'achraf'), ('FONTCONFIG_PATH', '/etc/fonts'), ('GIO_MODULE_DIR', '/home/achraf/snap/code/common/.cache/gio-modules'), ('SSH_AGENT_PID', '1523'), ('XDG_SESSION_TYPE', 'x11'), ('GTK_EXE_PREFIX_VSCODE_SNAP_ORIG', ''), ('GDK_BACKEND_VSCODE_SNAP_ORIG', ''), ('SHLVL', '1'), ('LD_LIBRARY_PATH', '/opt/ros/foxy/opt/yaml_cpp_vendor/lib:/opt/ros/foxy/opt/rviz_ogre_vendor/lib:/opt/ros/foxy/lib/x86_64-linux-gnu:/opt/ros/foxy/lib'), ('HOME', '/home/achraf'), ('CHROME_DESKTOP', 'code.desktop'), ('LOCPATH_VSCODE_SNAP_ORIG', ''), ('TERM_PROGRAM_VERSION', '1.120.0'), ('DESKTOP_SESSION', 'ubuntu'), ('GTK_PATH', '/snap/code/240/usr/lib/x86_64-linux-gnu/gtk-3.0'), ('XDG_DATA_HOME_VSCODE_SNAP_ORIG', ''), ('GTK_IM_MODULE_FILE', '/home/achraf/snap/code/common/.cache/immodules/immodules.cache'), ('GIO_LAUNCHED_DESKTOP_FILE', '/var/lib/snapd/desktop/applications/code_code.desktop'), ('ROS_PYTHON_VERSION', '3'), ('GNOME_SHELL_SESSION_MODE', 'ubuntu'), ('GTK_MODULES', 'gail:atk-bridge'), ('GSETTINGS_SCHEMA_DIR_VSCODE_SNAP_ORIG', ''), ('MANAGERPID', '1392'), ('VSCODE_PYTHON_AUTOACTIVATE_GUARD', '1'), ('DBUS_SESSION_BUS_ADDRESS', 'unix:path=/run/user/1000/bus'), ('COLORTERM', 'truecolor'), ('GIO_LAUNCHED_DESKTOP_FILE_PID', '2088'), ('IM_CONFIG_PHASE', '1'), ('ROS_DISTRO', 'foxy'), ('LOGNAME', 'achraf'), ('JOURNAL_STREAM', '8:33737'), ('_', '/usr/bin/colcon'), ('ROS_VERSION', '2'), ('XDG_CONFIG_DIRS_VSCODE_SNAP_ORIG', '/etc/xdg/xdg-ubuntu:/etc/xdg'), ('XDG_SESSION_CLASS', 'user'), ('XDG_DATA_DIRS_VSCODE_SNAP_ORIG', '/usr/share/ubuntu:/usr/local/share/:/usr/share/:/var/lib/snapd/desktop'), ('USERNAME', 'achraf'), ('TERM', 'xterm-256color'), ('GNOME_DESKTOP_SESSION_ID', 'this-is-deprecated'), ('FC_FONTATIONS', '1'), ('ROS_LOCALHOST_ONLY', '0'), ('WINDOWPATH', '2'), ('PATH', '/opt/ros/foxy/bin:/usr/local/sbin:/usr/local/bin:/usr/sbin:/usr/bin:/sbin:/bin:/usr/games:/usr/local/games:/snap/bin'), ('SESSION_MANAGER', 'local/achraf-VirtualBox:@/tmp/.ICE-unix/1576,unix/achraf-VirtualBox:/tmp/.ICE-unix/1576'), ('GTK_EXE_PREFIX', '/snap/code/240/usr'), ('INVOCATION_ID', '9baff032738f4ee2ba5bac680b175c15'), ('XDG_MENU_PREFIX', 'gnome-'), ('XDG_RUNTIME_DIR', '/run/user/1000'), ('GDK_BACKEND', 'x11'), ('DISPLAY', ':0'), ('LOCPATH', '/snap/code/240/usr/lib/locale'), ('LANG', 'en_US.UTF-8'), ('XDG_CURRENT_DESKTOP', 'ubuntu:GNOME'), ('GIO_MODULE_DIR_VSCODE_SNAP_ORIG', ''), ('XDG_DATA_HOME', '/home/achraf/snap/code/240/.local/share'), ('XMODIFIERS', '@im=ibus'), ('XDG_SESSION_DESKTOP', 'ubuntu'), ('XAUTHORITY', '/run/user/1000/gdm/Xauthority'), ('LS_COLORS', 'rs=0:di=01;34:ln=01;36:mh=00:pi=40;33:so=01;35:do=01;35:bd=40;33;01:cd=40;33;01:or=40;31;01:mi=00:su=37;41:sg=30;43:ca=30;41:tw=30;42:ow=34;42:st=37;44:ex=01;32:*.tar=01;31:*.tgz=01;31:*.arc=01;31:*.arj=01;31:*.taz=01;31:*.lha=01;31:*.lz4=01;31:*.lzh=01;31:*.lzma=01;31:*.tlz=01;31:*.txz=01;31:*.tzo=01;31:*.t7z=01;31:*.zip=01;31:*.z=01;31:*.dz=01;31:*.gz=01;31:*.lrz=01;31:*.lz=01;31:*.lzo=01;31:*.xz=01;31:*.zst=01;31:*.tzst=01;31:*.bz2=01;31:*.bz=01;31:*.tbz=01;31:*.tbz2=01;31:*.tz=01;31:*.deb=01;31:*.rpm=01;31:*.jar=01;31:*.war=01;31:*.ear=01;31:*.sar=01;31:*.rar=01;31:*.alz=01;31:*.ace=01;31:*.zoo=01;31:*.cpio=01;31:*.7z=01;31:*.rz=01;31:*.cab=01;31:*.wim=01;31:*.swm=01;31:*.dwm=01;31:*.esd=01;31:*.jpg=01;35:*.jpeg=01;35:*.mjpg=01;35:*.mjpeg=01;35:*.gif=01;35:*.bmp=01;35:*.pbm=01;35:*.pgm=01;35:*.ppm=01;35:*.tga=01;35:*.xbm=01;35:*.xpm=01;35:*.tif=01;35:*.tiff=01;35:*.png=01;35:*.svg=01;35:*.svgz=01;35:*.mng=01;35:*.pcx=01;35:*.mov=01;35:*.mpg=01;35:*.mpeg=01;35:*.m2v=01;35:*.mkv=01;35:*.webm=01;35:*.ogm=01;35:*.mp4=01;35:*.m4v=01;35:*.mp4v=01;35:*.vob=01;35:*.qt=01;35:*.nuv=01;35:*.wmv=01;35:*.asf=01;35:*.rm=01;35:*.rmvb=01;35:*.flc=01;35:*.avi=01;35:*.fli=01;35:*.flv=01;35:*.gl=01;35:*.dl=01;35:*.xcf=01;35:*.xwd=01;35:*.yuv=01;35:*.cgm=01;35:*.emf=01;35:*.ogv=01;35:*.ogx=01;35:*.aac=00;36:*.au=00;36:*.flac=00;36:*.m4a=00;36:*.mid=00;36:*.midi=00;36:*.mka=00;36:*.mp3=00;36:*.mpc=00;36:*.ogg=00;36:*.ra=00;36:*.wav=00;36:*.oga=00;36:*.opus=00;36:*.spx=00;36:*.xspf=00;36:'), ('TERM_PROGRAM', 'vscode'), ('SSH_AUTH_SOCK', '/run/user/1000/keyring/ssh'), ('GSETTINGS_SCHEMA_DIR', '/home/achraf/snap/code/240/.local/share/glib-2.0/schemas'), ('AMENT_PREFIX_PATH', '/opt/ros/foxy'), ('SHELL', '/bin/bash'), ('QT_ACCESSIBILITY', '1'), ('GDMSESSION', 'ubuntu'), ('LESSCLOSE', '/usr/bin/lesspipe %s %s'), ('GTK_PATH_VSCODE_SNAP_ORIG', ''), ('FONTCONFIG_FILE', '/etc/fonts/fonts.conf'), ('GTK_IM_MODULE_FILE_VSCODE_SNAP_ORIG', ''), ('GPG_AGENT_INFO', '/run/user/1000/gnupg/S.gpg-agent:0:1'), ('GJS_DEBUG_OUTPUT', 'stderr'), ('QT_IM_MODULE', 'ibus'), ('PWD', '/media/sf_inspection_bot_ws/src/build/inspection_bot_msgs'), ('XDG_CONFIG_DIRS', '/etc/xdg/xdg-ubuntu:/etc/xdg'), ('XDG_DATA_DIRS', '/home/achraf/snap/code/240/.local/share:/home/achraf/snap/code/240:/snap/code/240/usr/share:/usr/share/ubuntu:/usr/local/share/:/usr/share/:/var/lib/snapd/desktop'), ('PYTHONPATH', '/opt/ros/foxy/lib/python3.8/site-packages'), ('COLCON', '1'), ('CMAKE_PREFIX_PATH', '/opt/ros/foxy')]), 'shell': False}
[0.196696] (-) TimerEvent: {}
[0.201473] (inspection_bot_description) JobProgress: {'identifier': 'inspection_bot_description', 'progress': 'cmake'}
[0.224533] (inspection_bot_description) Command: {'cmd': ['/usr/bin/cmake', '/media/sf_inspection_bot_ws/src/inspection_bot_description', '-DCMAKE_INSTALL_PREFIX=/media/sf_inspection_bot_ws/src/install/inspection_bot_description'], 'cwd': '/media/sf_inspection_bot_ws/src/build/inspection_bot_description', 'env': OrderedDict([('GJS_DEBUG_TOPICS', 'JS ERROR;JS LOG'), ('LESSOPEN', '| /usr/bin/lesspipe %s'), ('PYTHONWARNINGS', 'ignore:::setuptools.command.install'), ('USER', 'achraf'), ('FONTCONFIG_PATH', '/etc/fonts'), ('GIO_MODULE_DIR', '/home/achraf/snap/code/common/.cache/gio-modules'), ('SSH_AGENT_PID', '1523'), ('XDG_SESSION_TYPE', 'x11'), ('GTK_EXE_PREFIX_VSCODE_SNAP_ORIG', ''), ('GDK_BACKEND_VSCODE_SNAP_ORIG', ''), ('SHLVL', '1'), ('LD_LIBRARY_PATH', '/opt/ros/foxy/opt/yaml_cpp_vendor/lib:/opt/ros/foxy/opt/rviz_ogre_vendor/lib:/opt/ros/foxy/lib/x86_64-linux-gnu:/opt/ros/foxy/lib'), ('HOME', '/home/achraf'), ('CHROME_DESKTOP', 'code.desktop'), ('LOCPATH_VSCODE_SNAP_ORIG', ''), ('TERM_PROGRAM_VERSION', '1.120.0'), ('DESKTOP_SESSION', 'ubuntu'), ('GTK_PATH', '/snap/code/240/usr/lib/x86_64-linux-gnu/gtk-3.0'), ('XDG_DATA_HOME_VSCODE_SNAP_ORIG', ''), ('GTK_IM_MODULE_FILE', '/home/achraf/snap/code/common/.cache/immodules/immodules.cache'), ('GIO_LAUNCHED_DESKTOP_FILE', '/var/lib/snapd/desktop/applications/code_code.desktop'), ('ROS_PYTHON_VERSION', '3'), ('GNOME_SHELL_SESSION_MODE', 'ubuntu'), ('GTK_MODULES', 'gail:atk-bridge'), ('GSETTINGS_SCHEMA_DIR_VSCODE_SNAP_ORIG', ''), ('MANAGERPID', '1392'), ('VSCODE_PYTHON_AUTOACTIVATE_GUARD', '1'), ('DBUS_SESSION_BUS_ADDRESS', 'unix:path=/run/user/1000/bus'), ('COLORTERM', 'truecolor'), ('GIO_LAUNCHED_DESKTOP_FILE_PID', '2088'), ('IM_CONFIG_PHASE', '1'), ('ROS_DISTRO', 'foxy'), ('LOGNAME', 'achraf'), ('JOURNAL_STREAM', '8:33737'), ('_', '/usr/bin/colcon'), ('ROS_VERSION', '2'), ('XDG_CONFIG_DIRS_VSCODE_SNAP_ORIG', '/etc/xdg/xdg-ubuntu:/etc/xdg'), ('XDG_SESSION_CLASS', 'user'), ('XDG_DATA_DIRS_VSCODE_SNAP_ORIG', '/usr/share/ubuntu:/usr/local/share/:/usr/share/:/var/lib/snapd/desktop'), ('USERNAME', 'achraf'), ('TERM', 'xterm-256color'), ('GNOME_DESKTOP_SESSION_ID', 'this-is-deprecated'), ('FC_FONTATIONS', '1'), ('ROS_LOCALHOST_ONLY', '0'), ('WINDOWPATH', '2'), ('PATH', '/opt/ros/foxy/bin:/usr/local/sbin:/usr/local/bin:/usr/sbin:/usr/bin:/sbin:/bin:/usr/games:/usr/local/games:/snap/bin'), ('SESSION_MANAGER', 'local/achraf-VirtualBox:@/tmp/.ICE-unix/1576,unix/achraf-VirtualBox:/tmp/.ICE-unix/1576'), ('GTK_EXE_PREFIX', '/snap/code/240/usr'), ('INVOCATION_ID', '9baff032738f4ee2ba5bac680b175c15'), ('XDG_MENU_PREFIX', 'gnome-'), ('XDG_RUNTIME_DIR', '/run/user/1000'), ('GDK_BACKEND', 'x11'), ('DISPLAY', ':0'), ('LOCPATH', '/snap/code/240/usr/lib/locale'), ('LANG', 'en_US.UTF-8'), ('XDG_CURRENT_DESKTOP', 'ubuntu:GNOME'), ('GIO_MODULE_DIR_VSCODE_SNAP_ORIG', ''), ('XDG_DATA_HOME', '/home/achraf/snap/code/240/.local/share'), ('XMODIFIERS', '@im=ibus'), ('XDG_SESSION_DESKTOP', 'ubuntu'), ('XAUTHORITY', '/run/user/1000/gdm/Xauthority'), ('LS_COLORS', 'rs=0:di=01;34:ln=01;36:mh=00:pi=40;33:so=01;35:do=01;35:bd=40;33;01:cd=40;33;01:or=40;31;01:mi=00:su=37;41:sg=30;43:ca=30;41:tw=30;42:ow=34;42:st=37;44:ex=01;32:*.tar=01;31:*.tgz=01;31:*.arc=01;31:*.arj=01;31:*.taz=01;31:*.lha=01;31:*.lz4=01;31:*.lzh=01;31:*.lzma=01;31:*.tlz=01;31:*.txz=01;31:*.tzo=01;31:*.t7z=01;31:*.zip=01;31:*.z=01;31:*.dz=01;31:*.gz=01;31:*.lrz=01;31:*.lz=01;31:*.lzo=01;31:*.xz=01;31:*.zst=01;31:*.tzst=01;31:*.bz2=01;31:*.bz=01;31:*.tbz=01;31:*.tbz2=01;31:*.tz=01;31:*.deb=01;31:*.rpm=01;31:*.jar=01;31:*.war=01;31:*.ear=01;31:*.sar=01;31:*.rar=01;31:*.alz=01;31:*.ace=01;31:*.zoo=01;31:*.cpio=01;31:*.7z=01;31:*.rz=01;31:*.cab=01;31:*.wim=01;31:*.swm=01;31:*.dwm=01;31:*.esd=01;31:*.jpg=01;35:*.jpeg=01;35:*.mjpg=01;35:*.mjpeg=01;35:*.gif=01;35:*.bmp=01;35:*.pbm=01;35:*.pgm=01;35:*.ppm=01;35:*.tga=01;35:*.xbm=01;35:*.xpm=01;35:*.tif=01;35:*.tiff=01;35:*.png=01;35:*.svg=01;35:*.svgz=01;35:*.mng=01;35:*.pcx=01;35:*.mov=01;35:*.mpg=01;35:*.mpeg=01;35:*.m2v=01;35:*.mkv=01;35:*.webm=01;35:*.ogm=01;35:*.mp4=01;35:*.m4v=01;35:*.mp4v=01;35:*.vob=01;35:*.qt=01;35:*.nuv=01;35:*.wmv=01;35:*.asf=01;35:*.rm=01;35:*.rmvb=01;35:*.flc=01;35:*.avi=01;35:*.fli=01;35:*.flv=01;35:*.gl=01;35:*.dl=01;35:*.xcf=01;35:*.xwd=01;35:*.yuv=01;35:*.cgm=01;35:*.emf=01;35:*.ogv=01;35:*.ogx=01;35:*.aac=00;36:*.au=00;36:*.flac=00;36:*.m4a=00;36:*.mid=00;36:*.midi=00;36:*.mka=00;36:*.mp3=00;36:*.mpc=00;36:*.ogg=00;36:*.ra=00;36:*.wav=00;36:*.oga=00;36:*.opus=00;36:*.spx=00;36:*.xspf=00;36:'), ('TERM_PROGRAM', 'vscode'), ('SSH_AUTH_SOCK', '/run/user/1000/keyring/ssh'), ('GSETTINGS_SCHEMA_DIR', '/home/achraf/snap/code/240/.local/share/glib-2.0/schemas'), ('AMENT_PREFIX_PATH', '/opt/ros/foxy'), ('SHELL', '/bin/bash'), ('QT_ACCESSIBILITY', '1'), ('GDMSESSION', 'ubuntu'), ('LESSCLOSE', '/usr/bin/lesspipe %s %s'), ('GTK_PATH_VSCODE_SNAP_ORIG', ''), ('FONTCONFIG_FILE', '/etc/fonts/fonts.conf'), ('GTK_IM_MODULE_FILE_VSCODE_SNAP_ORIG', ''), ('GPG_AGENT_INFO', '/run/user/1000/gnupg/S.gpg-agent:0:1'), ('GJS_DEBUG_OUTPUT', 'stderr'), ('QT_IM_MODULE', 'ibus'), ('PWD', '/media/sf_inspection_bot_ws/src/build/inspection_bot_description'), ('XDG_CONFIG_DIRS', '/etc/xdg/xdg-ubuntu:/etc/xdg'), ('XDG_DATA_DIRS', '/home/achraf/snap/code/240/.local/share:/home/achraf/snap/code/240:/snap/code/240/usr/share:/usr/share/ubuntu:/usr/local/share/:/usr/share/:/var/lib/snapd/desktop'), ('PYTHONPATH', '/opt/ros/foxy/lib/python3.8/site-packages'), ('COLCON', '1'), ('CMAKE_PREFIX_PATH', '/opt/ros/foxy')]), 'shell': False}
[0.298349] (-) TimerEvent: {}
[0.405619] (-) TimerEvent: {}
[0.517361] (-) TimerEvent: {}
[0.624147] (-) TimerEvent: {}
[0.727668] (-) TimerEvent: {}
[0.829358] (-) TimerEvent: {}
[0.930843] (-) TimerEvent: {}
[1.029936] (inspection_bot_msgs) StdoutLine: {'line': b'[  3%] Built target inspection_bot_msgs__cpp\n'}
[1.033854] (-) TimerEvent: {}
[1.067782] (inspection_bot_msgs) StdoutLine: {'line': b'[ 12%] Built target inspection_bot_msgs__rosidl_generator_c\n'}
[1.135506] (-) TimerEvent: {}
[1.238221] (-) TimerEvent: {}
[1.256997] (inspection_bot_msgs) StdoutLine: {'line': b'[ 22%] Built target inspection_bot_msgs__rosidl_typesupport_cpp\n'}
[1.339245] (-) TimerEvent: {}
[1.351709] (inspection_bot_msgs) StdoutLine: {'line': b'[ 32%] Built target inspection_bot_msgs__rosidl_typesupport_introspection_cpp\n'}
[1.371884] (inspection_bot_msgs) StdoutLine: {'line': b'[ 41%] Built target inspection_bot_msgs__rosidl_typesupport_fastrtps_cpp\n'}
[1.439614] (-) TimerEvent: {}
[1.543059] (-) TimerEvent: {}
[1.645406] (-) TimerEvent: {}
[1.646328] (inspection_bot_msgs) StdoutLine: {'line': b'[ 58%] Built target inspection_bot_msgs__rosidl_typesupport_fastrtps_c\n'}
[1.661759] (inspection_bot_msgs) StdoutLine: {'line': b'[ 61%] Built target inspection_bot_msgs__rosidl_typesupport_introspection_c\n'}
[1.670723] (inspection_bot_msgs) StdoutLine: {'line': b'[ 70%] Built target inspection_bot_msgs__rosidl_typesupport_c\n'}
[1.745772] (-) TimerEvent: {}
[1.781942] (inspection_bot_description) StdoutLine: {'line': b'-- The C compiler identification is GNU 9.4.0\n'}
[1.793757] (inspection_bot_msgs) StdoutLine: {'line': b'[ 70%] Built target inspection_bot_msgs\n'}
[1.846033] (-) TimerEvent: {}
[1.908088] (inspection_bot_msgs) StdoutLine: {'line': b'[ 74%] Built target inspection_bot_msgs__py\n'}
[1.947032] (-) TimerEvent: {}
[2.052413] (-) TimerEvent: {}
[2.148646] (inspection_bot_msgs) StdoutLine: {'line': b'[ 80%] Built target inspection_bot_msgs__python\n'}
[2.153913] (-) TimerEvent: {}
[2.257073] (-) TimerEvent: {}
[2.358006] (-) TimerEvent: {}
[2.461239] (-) TimerEvent: {}
[2.518578] (inspection_bot_msgs) StdoutLine: {'line': b'[ 90%] Built target inspection_bot_msgs__rosidl_typesupport_c__pyext\n'}
[2.532701] (inspection_bot_msgs) StdoutLine: {'line': b'[ 93%] Built target inspection_bot_msgs__rosidl_typesupport_fastrtps_c__pyext\n'}
[2.538865] (inspection_bot_msgs) StdoutLine: {'line': b'[100%] Built target inspection_bot_msgs__rosidl_typesupport_introspection_c__pyext\n'}
[2.562264] (-) TimerEvent: {}
[2.626470] (inspection_bot_msgs) CommandEnded: {'returncode': 0}
[2.655596] (inspection_bot_msgs) JobProgress: {'identifier': 'inspection_bot_msgs', 'progress': 'install'}
[2.659767] (inspection_bot_description) StdoutLine: {'line': b'-- The CXX compiler identification is GNU 9.4.0\n'}
[2.663566] (-) TimerEvent: {}
[2.686172] (inspection_bot_msgs) Command: {'cmd': ['/usr/bin/cmake', '--install', '/media/sf_inspection_bot_ws/src/build/inspection_bot_msgs'], 'cwd': '/media/sf_inspection_bot_ws/src/build/inspection_bot_msgs', 'env': OrderedDict([('GJS_DEBUG_TOPICS', 'JS ERROR;JS LOG'), ('LESSOPEN', '| /usr/bin/lesspipe %s'), ('PYTHONWARNINGS', 'ignore:::setuptools.command.install'), ('USER', 'achraf'), ('FONTCONFIG_PATH', '/etc/fonts'), ('GIO_MODULE_DIR', '/home/achraf/snap/code/common/.cache/gio-modules'), ('SSH_AGENT_PID', '1523'), ('XDG_SESSION_TYPE', 'x11'), ('GTK_EXE_PREFIX_VSCODE_SNAP_ORIG', ''), ('GDK_BACKEND_VSCODE_SNAP_ORIG', ''), ('SHLVL', '1'), ('LD_LIBRARY_PATH', '/opt/ros/foxy/opt/yaml_cpp_vendor/lib:/opt/ros/foxy/opt/rviz_ogre_vendor/lib:/opt/ros/foxy/lib/x86_64-linux-gnu:/opt/ros/foxy/lib'), ('HOME', '/home/achraf'), ('CHROME_DESKTOP', 'code.desktop'), ('LOCPATH_VSCODE_SNAP_ORIG', ''), ('TERM_PROGRAM_VERSION', '1.120.0'), ('DESKTOP_SESSION', 'ubuntu'), ('GTK_PATH', '/snap/code/240/usr/lib/x86_64-linux-gnu/gtk-3.0'), ('XDG_DATA_HOME_VSCODE_SNAP_ORIG', ''), ('GTK_IM_MODULE_FILE', '/home/achraf/snap/code/common/.cache/immodules/immodules.cache'), ('GIO_LAUNCHED_DESKTOP_FILE', '/var/lib/snapd/desktop/applications/code_code.desktop'), ('ROS_PYTHON_VERSION', '3'), ('GNOME_SHELL_SESSION_MODE', 'ubuntu'), ('GTK_MODULES', 'gail:atk-bridge'), ('GSETTINGS_SCHEMA_DIR_VSCODE_SNAP_ORIG', ''), ('MANAGERPID', '1392'), ('VSCODE_PYTHON_AUTOACTIVATE_GUARD', '1'), ('DBUS_SESSION_BUS_ADDRESS', 'unix:path=/run/user/1000/bus'), ('COLORTERM', 'truecolor'), ('GIO_LAUNCHED_DESKTOP_FILE_PID', '2088'), ('IM_CONFIG_PHASE', '1'), ('ROS_DISTRO', 'foxy'), ('LOGNAME', 'achraf'), ('JOURNAL_STREAM', '8:33737'), ('_', '/usr/bin/colcon'), ('ROS_VERSION', '2'), ('XDG_CONFIG_DIRS_VSCODE_SNAP_ORIG', '/etc/xdg/xdg-ubuntu:/etc/xdg'), ('XDG_SESSION_CLASS', 'user'), ('XDG_DATA_DIRS_VSCODE_SNAP_ORIG', '/usr/share/ubuntu:/usr/local/share/:/usr/share/:/var/lib/snapd/desktop'), ('USERNAME', 'achraf'), ('TERM', 'xterm-256color'), ('GNOME_DESKTOP_SESSION_ID', 'this-is-deprecated'), ('FC_FONTATIONS', '1'), ('ROS_LOCALHOST_ONLY', '0'), ('WINDOWPATH', '2'), ('PATH', '/opt/ros/foxy/bin:/usr/local/sbin:/usr/local/bin:/usr/sbin:/usr/bin:/sbin:/bin:/usr/games:/usr/local/games:/snap/bin'), ('SESSION_MANAGER', 'local/achraf-VirtualBox:@/tmp/.ICE-unix/1576,unix/achraf-VirtualBox:/tmp/.ICE-unix/1576'), ('GTK_EXE_PREFIX', '/snap/code/240/usr'), ('INVOCATION_ID', '9baff032738f4ee2ba5bac680b175c15'), ('XDG_MENU_PREFIX', 'gnome-'), ('XDG_RUNTIME_DIR', '/run/user/1000'), ('GDK_BACKEND', 'x11'), ('DISPLAY', ':0'), ('LOCPATH', '/snap/code/240/usr/lib/locale'), ('LANG', 'en_US.UTF-8'), ('XDG_CURRENT_DESKTOP', 'ubuntu:GNOME'), ('GIO_MODULE_DIR_VSCODE_SNAP_ORIG', ''), ('XDG_DATA_HOME', '/home/achraf/snap/code/240/.local/share'), ('XMODIFIERS', '@im=ibus'), ('XDG_SESSION_DESKTOP', 'ubuntu'), ('XAUTHORITY', '/run/user/1000/gdm/Xauthority'), ('LS_COLORS', 'rs=0:di=01;34:ln=01;36:mh=00:pi=40;33:so=01;35:do=01;35:bd=40;33;01:cd=40;33;01:or=40;31;01:mi=00:su=37;41:sg=30;43:ca=30;41:tw=30;42:ow=34;42:st=37;44:ex=01;32:*.tar=01;31:*.tgz=01;31:*.arc=01;31:*.arj=01;31:*.taz=01;31:*.lha=01;31:*.lz4=01;31:*.lzh=01;31:*.lzma=01;31:*.tlz=01;31:*.txz=01;31:*.tzo=01;31:*.t7z=01;31:*.zip=01;31:*.z=01;31:*.dz=01;31:*.gz=01;31:*.lrz=01;31:*.lz=01;31:*.lzo=01;31:*.xz=01;31:*.zst=01;31:*.tzst=01;31:*.bz2=01;31:*.bz=01;31:*.tbz=01;31:*.tbz2=01;31:*.tz=01;31:*.deb=01;31:*.rpm=01;31:*.jar=01;31:*.war=01;31:*.ear=01;31:*.sar=01;31:*.rar=01;31:*.alz=01;31:*.ace=01;31:*.zoo=01;31:*.cpio=01;31:*.7z=01;31:*.rz=01;31:*.cab=01;31:*.wim=01;31:*.swm=01;31:*.dwm=01;31:*.esd=01;31:*.jpg=01;35:*.jpeg=01;35:*.mjpg=01;35:*.mjpeg=01;35:*.gif=01;35:*.bmp=01;35:*.pbm=01;35:*.pgm=01;35:*.ppm=01;35:*.tga=01;35:*.xbm=01;35:*.xpm=01;35:*.tif=01;35:*.tiff=01;35:*.png=01;35:*.svg=01;35:*.svgz=01;35:*.mng=01;35:*.pcx=01;35:*.mov=01;35:*.mpg=01;35:*.mpeg=01;35:*.m2v=01;35:*.mkv=01;35:*.webm=01;35:*.ogm=01;35:*.mp4=01;35:*.m4v=01;35:*.mp4v=01;35:*.vob=01;35:*.qt=01;35:*.nuv=01;35:*.wmv=01;35:*.asf=01;35:*.rm=01;35:*.rmvb=01;35:*.flc=01;35:*.avi=01;35:*.fli=01;35:*.flv=01;35:*.gl=01;35:*.dl=01;35:*.xcf=01;35:*.xwd=01;35:*.yuv=01;35:*.cgm=01;35:*.emf=01;35:*.ogv=01;35:*.ogx=01;35:*.aac=00;36:*.au=00;36:*.flac=00;36:*.m4a=00;36:*.mid=00;36:*.midi=00;36:*.mka=00;36:*.mp3=00;36:*.mpc=00;36:*.ogg=00;36:*.ra=00;36:*.wav=00;36:*.oga=00;36:*.opus=00;36:*.spx=00;36:*.xspf=00;36:'), ('TERM_PROGRAM', 'vscode'), ('SSH_AUTH_SOCK', '/run/user/1000/keyring/ssh'), ('GSETTINGS_SCHEMA_DIR', '/home/achraf/snap/code/240/.local/share/glib-2.0/schemas'), ('AMENT_PREFIX_PATH', '/opt/ros/foxy'), ('SHELL', '/bin/bash'), ('QT_ACCESSIBILITY', '1'), ('GDMSESSION', 'ubuntu'), ('LESSCLOSE', '/usr/bin/lesspipe %s %s'), ('GTK_PATH_VSCODE_SNAP_ORIG', ''), ('FONTCONFIG_FILE', '/etc/fonts/fonts.conf'), ('GTK_IM_MODULE_FILE_VSCODE_SNAP_ORIG', ''), ('GPG_AGENT_INFO', '/run/user/1000/gnupg/S.gpg-agent:0:1'), ('GJS_DEBUG_OUTPUT', 'stderr'), ('QT_IM_MODULE', 'ibus'), ('PWD', '/media/sf_inspection_bot_ws/src/build/inspection_bot_msgs'), ('XDG_CONFIG_DIRS', '/etc/xdg/xdg-ubuntu:/etc/xdg'), ('XDG_DATA_DIRS', '/home/achraf/snap/code/240/.local/share:/home/achraf/snap/code/240:/snap/code/240/usr/share:/usr/share/ubuntu:/usr/local/share/:/usr/share/:/var/lib/snapd/desktop'), ('PYTHONPATH', '/opt/ros/foxy/lib/python3.8/site-packages'), ('COLCON', '1'), ('CMAKE_PREFIX_PATH', '/opt/ros/foxy')]), 'shell': False}
[2.712055] (inspection_bot_msgs) StdoutLine: {'line': b'-- Install configuration: ""\n'}
[2.720063] (inspection_bot_msgs) StdoutLine: {'line': b'-- Up-to-date: /media/sf_inspection_bot_ws/src/install/inspection_bot_msgs/share/ament_index/resource_index/rosidl_interfaces/inspection_bot_msgs\n'}
[2.723061] (inspection_bot_msgs) StdoutLine: {'line': b'-- Up-to-date: /media/sf_inspection_bot_ws/src/install/inspection_bot_msgs/include/inspection_bot_msgs\n'}
[2.727232] (inspection_bot_description) StdoutLine: {'line': b'-- Check for working C compiler: /usr/bin/cc\n'}
[2.730625] (inspection_bot_msgs) StdoutLine: {'line': b'-- Up-to-date: /media/sf_inspection_bot_ws/src/install/inspection_bot_msgs/include/inspection_bot_msgs/msg\n'}
[2.739792] (inspection_bot_msgs) StdoutLine: {'line': b'-- Up-to-date: /media/sf_inspection_bot_ws/src/install/inspection_bot_msgs/include/inspection_bot_msgs/msg/anomaly_event.h\n'}
[2.743350] (inspection_bot_msgs) StdoutLine: {'line': b'-- Up-to-date: /media/sf_inspection_bot_ws/src/install/inspection_bot_msgs/include/inspection_bot_msgs/msg/detail\n'}
[2.750093] (inspection_bot_msgs) StdoutLine: {'line': b'-- Up-to-date: /media/sf_inspection_bot_ws/src/install/inspection_bot_msgs/include/inspection_bot_msgs/msg/detail/anomaly_event__functions.c\n'}
[2.752115] (inspection_bot_msgs) StdoutLine: {'line': b'-- Up-to-date: /media/sf_inspection_bot_ws/src/install/inspection_bot_msgs/include/inspection_bot_msgs/msg/detail/anomaly_event__functions.h\n'}
[2.754983] (inspection_bot_msgs) StdoutLine: {'line': b'-- Up-to-date: /media/sf_inspection_bot_ws/src/install/inspection_bot_msgs/include/inspection_bot_msgs/msg/detail/anomaly_event__struct.h\n'}
[2.757534] (inspection_bot_msgs) StdoutLine: {'line': b'-- Up-to-date: /media/sf_inspection_bot_ws/src/install/inspection_bot_msgs/include/inspection_bot_msgs/msg/detail/anomaly_event__type_support.h\n'}
[2.763699] (inspection_bot_msgs) StdoutLine: {'line': b'-- Up-to-date: /media/sf_inspection_bot_ws/src/install/inspection_bot_msgs/include/inspection_bot_msgs/msg/rosidl_generator_c__visibility_control.h\n'}
[2.766128] (-) TimerEvent: {}
[2.768114] (inspection_bot_msgs) StdoutLine: {'line': b'-- Up-to-date: /media/sf_inspection_bot_ws/src/install/inspection_bot_msgs/share/inspection_bot_msgs/environment/library_path.sh\n'}
[2.771467] (inspection_bot_msgs) StdoutLine: {'line': b'-- Up-to-date: /media/sf_inspection_bot_ws/src/install/inspection_bot_msgs/share/inspection_bot_msgs/environment/library_path.dsv\n'}
[2.809578] (inspection_bot_msgs) StdoutLine: {'line': b'-- Up-to-date: /media/sf_inspection_bot_ws/src/install/inspection_bot_msgs/lib/libinspection_bot_msgs__rosidl_generator_c.so\n'}
[2.852901] (inspection_bot_msgs) StdoutLine: {'line': b'-- Up-to-date: /media/sf_inspection_bot_ws/src/install/inspection_bot_msgs/include/inspection_bot_msgs\n'}
[2.855714] (inspection_bot_msgs) StdoutLine: {'line': b'-- Up-to-date: /media/sf_inspection_bot_ws/src/install/inspection_bot_msgs/include/inspection_bot_msgs/msg\n'}
[2.859129] (inspection_bot_msgs) StdoutLine: {'line': b'-- Up-to-date: /media/sf_inspection_bot_ws/src/install/inspection_bot_msgs/include/inspection_bot_msgs/msg/detail\n'}
[2.863038] (inspection_bot_msgs) StdoutLine: {'line': b'-- Up-to-date: /media/sf_inspection_bot_ws/src/install/inspection_bot_msgs/include/inspection_bot_msgs/msg/detail/anomaly_event__rosidl_typesupport_fastrtps_c.h\n'}
[2.866629] (inspection_bot_msgs) StdoutLine: {'line': b'-- Up-to-date: /media/sf_inspection_bot_ws/src/install/inspection_bot_msgs/include/inspection_bot_msgs/msg/rosidl_typesupport_fastrtps_c__visibility_control.h\n'}
[2.869270] (-) TimerEvent: {}
[2.908166] (inspection_bot_msgs) StdoutLine: {'line': b'-- Up-to-date: /media/sf_inspection_bot_ws/src/install/inspection_bot_msgs/lib/libinspection_bot_msgs__rosidl_typesupport_fastrtps_c.so\n'}
[2.941563] (inspection_bot_msgs) StdoutLine: {'line': b'-- Up-to-date: /media/sf_inspection_bot_ws/src/install/inspection_bot_msgs/include/inspection_bot_msgs\n'}
[2.946061] (inspection_bot_msgs) StdoutLine: {'line': b'-- Up-to-date: /media/sf_inspection_bot_ws/src/install/inspection_bot_msgs/include/inspection_bot_msgs/msg\n'}
[2.950026] (inspection_bot_msgs) StdoutLine: {'line': b'-- Up-to-date: /media/sf_inspection_bot_ws/src/install/inspection_bot_msgs/include/inspection_bot_msgs/msg/detail\n'}
[2.952692] (inspection_bot_msgs) StdoutLine: {'line': b'-- Up-to-date: /media/sf_inspection_bot_ws/src/install/inspection_bot_msgs/include/inspection_bot_msgs/msg/detail/anomaly_event__rosidl_typesupport_fastrtps_cpp.hpp\n'}
[2.954632] (inspection_bot_msgs) StdoutLine: {'line': b'-- Up-to-date: /media/sf_inspection_bot_ws/src/install/inspection_bot_msgs/include/inspection_bot_msgs/msg/detail/dds_fastrtps\n'}
[2.957122] (inspection_bot_msgs) StdoutLine: {'line': b'-- Up-to-date: /media/sf_inspection_bot_ws/src/install/inspection_bot_msgs/include/inspection_bot_msgs/msg/rosidl_typesupport_fastrtps_cpp__visibility_control.h\n'}
[2.969639] (-) TimerEvent: {}
[2.974827] (inspection_bot_msgs) StdoutLine: {'line': b'-- Up-to-date: /media/sf_inspection_bot_ws/src/install/inspection_bot_msgs/lib/libinspection_bot_msgs__rosidl_typesupport_fastrtps_cpp.so\n'}
[3.021487] (inspection_bot_msgs) StdoutLine: {'line': b'-- Up-to-date: /media/sf_inspection_bot_ws/src/install/inspection_bot_msgs/include/inspection_bot_msgs\n'}
[3.029445] (inspection_bot_msgs) StdoutLine: {'line': b'-- Up-to-date: /media/sf_inspection_bot_ws/src/install/inspection_bot_msgs/include/inspection_bot_msgs/msg\n'}
[3.034646] (inspection_bot_msgs) StdoutLine: {'line': b'-- Up-to-date: /media/sf_inspection_bot_ws/src/install/inspection_bot_msgs/include/inspection_bot_msgs/msg/detail\n'}
[3.040636] (inspection_bot_msgs) StdoutLine: {'line': b'-- Up-to-date: /media/sf_inspection_bot_ws/src/install/inspection_bot_msgs/include/inspection_bot_msgs/msg/detail/anomaly_event__rosidl_typesupport_introspection_c.h\n'}
[3.043322] (inspection_bot_msgs) StdoutLine: {'line': b'-- Up-to-date: /media/sf_inspection_bot_ws/src/install/inspection_bot_msgs/include/inspection_bot_msgs/msg/detail/anomaly_event__type_support.c\n'}
[3.045090] (inspection_bot_msgs) StdoutLine: {'line': b'-- Up-to-date: /media/sf_inspection_bot_ws/src/install/inspection_bot_msgs/include/inspection_bot_msgs/msg/rosidl_typesupport_introspection_c__visibility_control.h\n'}
[3.067156] (inspection_bot_msgs) StdoutLine: {'line': b'-- Up-to-date: /media/sf_inspection_bot_ws/src/install/inspection_bot_msgs/lib/libinspection_bot_msgs__rosidl_typesupport_introspection_c.so\n'}
[3.070444] (-) TimerEvent: {}
[3.124434] (inspection_bot_msgs) StdoutLine: {'line': b'-- Up-to-date: /media/sf_inspection_bot_ws/src/install/inspection_bot_msgs/lib/libinspection_bot_msgs__rosidl_typesupport_c.so\n'}
[3.153478] (inspection_bot_msgs) StdoutLine: {'line': b'-- Up-to-date: /media/sf_inspection_bot_ws/src/install/inspection_bot_msgs/include/inspection_bot_msgs\n'}
[3.158387] (inspection_bot_msgs) StdoutLine: {'line': b'-- Up-to-date: /media/sf_inspection_bot_ws/src/install/inspection_bot_msgs/include/inspection_bot_msgs/msg\n'}
[3.163813] (inspection_bot_msgs) StdoutLine: {'line': b'-- Up-to-date: /media/sf_inspection_bot_ws/src/install/inspection_bot_msgs/include/inspection_bot_msgs/msg/anomaly_event.hpp\n'}
[3.166615] (inspection_bot_msgs) StdoutLine: {'line': b'-- Up-to-date: /media/sf_inspection_bot_ws/src/install/inspection_bot_msgs/include/inspection_bot_msgs/msg/detail\n'}
[3.170895] (-) TimerEvent: {}
[3.171684] (inspection_bot_msgs) StdoutLine: {'line': b'-- Up-to-date: /media/sf_inspection_bot_ws/src/install/inspection_bot_msgs/include/inspection_bot_msgs/msg/detail/anomaly_event__builder.hpp\n'}
[3.174985] (inspection_bot_msgs) StdoutLine: {'line': b'-- Up-to-date: /media/sf_inspection_bot_ws/src/install/inspection_bot_msgs/include/inspection_bot_msgs/msg/detail/anomaly_event__struct.hpp\n'}
[3.178975] (inspection_bot_msgs) StdoutLine: {'line': b'-- Up-to-date: /media/sf_inspection_bot_ws/src/install/inspection_bot_msgs/include/inspection_bot_msgs/msg/detail/anomaly_event__traits.hpp\n'}
[3.181523] (inspection_bot_msgs) StdoutLine: {'line': b'-- Up-to-date: /media/sf_inspection_bot_ws/src/install/inspection_bot_msgs/include/inspection_bot_msgs/msg/detail/anomaly_event__type_support.hpp\n'}
[3.184840] (inspection_bot_msgs) StdoutLine: {'line': b'-- Up-to-date: /media/sf_inspection_bot_ws/src/install/inspection_bot_msgs/include/inspection_bot_msgs/msg/rosidl_generator_cpp__visibility_control.hpp\n'}
[3.189649] (inspection_bot_msgs) StdoutLine: {'line': b'-- Up-to-date: /media/sf_inspection_bot_ws/src/install/inspection_bot_msgs/include/inspection_bot_msgs\n'}
[3.191720] (inspection_bot_description) StdoutLine: {'line': b'-- Check for working C compiler: /usr/bin/cc -- works\n'}
[3.193473] (inspection_bot_msgs) StdoutLine: {'line': b'-- Up-to-date: /media/sf_inspection_bot_ws/src/install/inspection_bot_msgs/include/inspection_bot_msgs/msg\n'}
[3.196127] (inspection_bot_msgs) StdoutLine: {'line': b'-- Up-to-date: /media/sf_inspection_bot_ws/src/install/inspection_bot_msgs/include/inspection_bot_msgs/msg/detail\n'}
[3.202381] (inspection_bot_msgs) StdoutLine: {'line': b'-- Up-to-date: /media/sf_inspection_bot_ws/src/install/inspection_bot_msgs/include/inspection_bot_msgs/msg/detail/anomaly_event__rosidl_typesupport_introspection_cpp.hpp\n'}
[3.204043] (inspection_bot_description) StdoutLine: {'line': b'-- Detecting C compiler ABI info\n'}
[3.206938] (inspection_bot_msgs) StdoutLine: {'line': b'-- Up-to-date: /media/sf_inspection_bot_ws/src/install/inspection_bot_msgs/include/inspection_bot_msgs/msg/detail/anomaly_event__type_support.cpp\n'}
[3.250747] (inspection_bot_msgs) StdoutLine: {'line': b'-- Up-to-date: /media/sf_inspection_bot_ws/src/install/inspection_bot_msgs/lib/libinspection_bot_msgs__rosidl_typesupport_introspection_cpp.so\n'}
[3.271171] (-) TimerEvent: {}
[3.320015] (inspection_bot_msgs) StdoutLine: {'line': b'-- Up-to-date: /media/sf_inspection_bot_ws/src/install/inspection_bot_msgs/lib/libinspection_bot_msgs__rosidl_typesupport_cpp.so\n'}
[3.357748] (inspection_bot_msgs) StdoutLine: {'line': b'-- Up-to-date: /media/sf_inspection_bot_ws/src/install/inspection_bot_msgs/share/inspection_bot_msgs/environment/pythonpath.sh\n'}
[3.360837] (inspection_bot_msgs) StdoutLine: {'line': b'-- Up-to-date: /media/sf_inspection_bot_ws/src/install/inspection_bot_msgs/share/inspection_bot_msgs/environment/pythonpath.dsv\n'}
[3.366020] (inspection_bot_msgs) StdoutLine: {'line': b'-- Up-to-date: /media/sf_inspection_bot_ws/src/install/inspection_bot_msgs/lib/python3.8/site-packages/inspection_bot_msgs/__init__.py\n'}
[3.371670] (-) TimerEvent: {}
[3.441673] (inspection_bot_msgs) StdoutLine: {'line': b'-- Up-to-date: /media/sf_inspection_bot_ws/src/install/inspection_bot_msgs/lib/python3.8/site-packages/inspection_bot_msgs/msg\n'}
[3.447091] (inspection_bot_msgs) StdoutLine: {'line': b'-- Up-to-date: /media/sf_inspection_bot_ws/src/install/inspection_bot_msgs/lib/python3.8/site-packages/inspection_bot_msgs/msg/_anomaly_event.py\n'}
[3.450669] (inspection_bot_msgs) StdoutLine: {'line': b'-- Up-to-date: /media/sf_inspection_bot_ws/src/install/inspection_bot_msgs/lib/python3.8/site-packages/inspection_bot_msgs/msg/_anomaly_event_s.c\n'}
[3.453745] (inspection_bot_msgs) StdoutLine: {'line': b'-- Up-to-date: /media/sf_inspection_bot_ws/src/install/inspection_bot_msgs/lib/python3.8/site-packages/inspection_bot_msgs/msg/__init__.py\n'}
[3.471811] (-) TimerEvent: {}
[3.481177] (inspection_bot_msgs) StdoutLine: {'line': b'-- Up-to-date: /media/sf_inspection_bot_ws/src/install/inspection_bot_msgs/lib/python3.8/site-packages/inspection_bot_msgs/inspection_bot_msgs_s__rosidl_typesupport_fastrtps_c.cpython-38-x86_64-linux-gnu.so\n'}
[3.532522] (inspection_bot_msgs) StdoutLine: {'line': b'-- Up-to-date: /media/sf_inspection_bot_ws/src/install/inspection_bot_msgs/lib/python3.8/site-packages/inspection_bot_msgs/inspection_bot_msgs_s__rosidl_typesupport_introspection_c.cpython-38-x86_64-linux-gnu.so\n'}
[3.571979] (-) TimerEvent: {}
[3.610290] (inspection_bot_msgs) StdoutLine: {'line': b'-- Up-to-date: /media/sf_inspection_bot_ws/src/install/inspection_bot_msgs/lib/python3.8/site-packages/inspection_bot_msgs/inspection_bot_msgs_s__rosidl_typesupport_c.cpython-38-x86_64-linux-gnu.so\n'}
[3.673532] (-) TimerEvent: {}
[3.699553] (inspection_bot_msgs) StdoutLine: {'line': b'-- Up-to-date: /media/sf_inspection_bot_ws/src/install/inspection_bot_msgs/lib/libinspection_bot_msgs__python.so\n'}
[3.753713] (inspection_bot_description) StdoutLine: {'line': b'-- Detecting C compiler ABI info - done\n'}
[3.768390] (inspection_bot_msgs) StdoutLine: {'line': b'-- Up-to-date: /media/sf_inspection_bot_ws/src/install/inspection_bot_msgs/share/inspection_bot_msgs/msg/AnomalyEvent.idl\n'}
[3.772613] (inspection_bot_msgs) StdoutLine: {'line': b'-- Up-to-date: /media/sf_inspection_bot_ws/src/install/inspection_bot_msgs/share/inspection_bot_msgs/msg/AnomalyEvent.msg\n'}
[3.776255] (-) TimerEvent: {}
[3.780602] (inspection_bot_msgs) StdoutLine: {'line': b'-- Up-to-date: /media/sf_inspection_bot_ws/src/install/inspection_bot_msgs/share/ament_index/resource_index/package_run_dependencies/inspection_bot_msgs\n'}
[3.788891] (inspection_bot_msgs) StdoutLine: {'line': b'-- Up-to-date: /media/sf_inspection_bot_ws/src/install/inspection_bot_msgs/share/ament_index/resource_index/parent_prefix_path/inspection_bot_msgs\n'}
[3.791949] (inspection_bot_msgs) StdoutLine: {'line': b'-- Up-to-date: /media/sf_inspection_bot_ws/src/install/inspection_bot_msgs/share/inspection_bot_msgs/environment/ament_prefix_path.sh\n'}
[3.803453] (inspection_bot_msgs) StdoutLine: {'line': b'-- Up-to-date: /media/sf_inspection_bot_ws/src/install/inspection_bot_msgs/share/inspection_bot_msgs/environment/ament_prefix_path.dsv\n'}
[3.805778] (inspection_bot_msgs) StdoutLine: {'line': b'-- Up-to-date: /media/sf_inspection_bot_ws/src/install/inspection_bot_msgs/share/inspection_bot_msgs/environment/path.sh\n'}
[3.811352] (inspection_bot_msgs) StdoutLine: {'line': b'-- Up-to-date: /media/sf_inspection_bot_ws/src/install/inspection_bot_msgs/share/inspection_bot_msgs/environment/path.dsv\n'}
[3.815893] (inspection_bot_msgs) StdoutLine: {'line': b'-- Up-to-date: /media/sf_inspection_bot_ws/src/install/inspection_bot_msgs/share/inspection_bot_msgs/local_setup.bash\n'}
[3.818259] (inspection_bot_description) StdoutLine: {'line': b'-- Detecting C compile features\n'}
[3.820954] (inspection_bot_description) StdoutLine: {'line': b'-- Detecting C compile features - done\n'}
[3.827186] (inspection_bot_msgs) StdoutLine: {'line': b'-- Up-to-date: /media/sf_inspection_bot_ws/src/install/inspection_bot_msgs/share/inspection_bot_msgs/local_setup.sh\n'}
[3.830889] (inspection_bot_msgs) StdoutLine: {'line': b'-- Up-to-date: /media/sf_inspection_bot_ws/src/install/inspection_bot_msgs/share/inspection_bot_msgs/local_setup.zsh\n'}
[3.834575] (inspection_bot_msgs) StdoutLine: {'line': b'-- Up-to-date: /media/sf_inspection_bot_ws/src/install/inspection_bot_msgs/share/inspection_bot_msgs/local_setup.dsv\n'}
[3.838038] (inspection_bot_msgs) StdoutLine: {'line': b'-- Installing: /media/sf_inspection_bot_ws/src/install/inspection_bot_msgs/share/inspection_bot_msgs/package.dsv\n'}
[3.861038] (inspection_bot_msgs) StdoutLine: {'line': b'-- Up-to-date: /media/sf_inspection_bot_ws/src/install/inspection_bot_msgs/share/ament_index/resource_index/packages/inspection_bot_msgs\n'}
[3.864225] (inspection_bot_description) StdoutLine: {'line': b'-- Check for working CXX compiler: /usr/bin/c++\n'}
[3.882919] (-) TimerEvent: {}
[3.909398] (inspection_bot_msgs) StdoutLine: {'line': b'-- Up-to-date: /media/sf_inspection_bot_ws/src/install/inspection_bot_msgs/share/inspection_bot_msgs/cmake/inspection_bot_msgs__rosidl_generator_cExport.cmake\n'}
[3.915962] (inspection_bot_msgs) StdoutLine: {'line': b'-- Up-to-date: /media/sf_inspection_bot_ws/src/install/inspection_bot_msgs/share/inspection_bot_msgs/cmake/inspection_bot_msgs__rosidl_generator_cExport-noconfig.cmake\n'}
[3.932081] (inspection_bot_msgs) StdoutLine: {'line': b'-- Up-to-date: /media/sf_inspection_bot_ws/src/install/inspection_bot_msgs/share/inspection_bot_msgs/cmake/inspection_bot_msgs__rosidl_typesupport_introspection_cExport.cmake\n'}
[3.939416] (inspection_bot_msgs) StdoutLine: {'line': b'-- Up-to-date: /media/sf_inspection_bot_ws/src/install/inspection_bot_msgs/share/inspection_bot_msgs/cmake/inspection_bot_msgs__rosidl_typesupport_introspection_cExport-noconfig.cmake\n'}
[3.957895] (inspection_bot_msgs) StdoutLine: {'line': b'-- Up-to-date: /media/sf_inspection_bot_ws/src/install/inspection_bot_msgs/share/inspection_bot_msgs/cmake/inspection_bot_msgs__rosidl_typesupport_cExport.cmake\n'}
[3.964890] (inspection_bot_msgs) StdoutLine: {'line': b'-- Up-to-date: /media/sf_inspection_bot_ws/src/install/inspection_bot_msgs/share/inspection_bot_msgs/cmake/inspection_bot_msgs__rosidl_typesupport_cExport-noconfig.cmake\n'}
[3.984079] (-) TimerEvent: {}
[3.986651] (inspection_bot_msgs) StdoutLine: {'line': b'-- Up-to-date: /media/sf_inspection_bot_ws/src/install/inspection_bot_msgs/share/inspection_bot_msgs/cmake/inspection_bot_msgs__rosidl_generator_cppExport.cmake\n'}
[4.010283] (inspection_bot_msgs) StdoutLine: {'line': b'-- Up-to-date: /media/sf_inspection_bot_ws/src/install/inspection_bot_msgs/share/inspection_bot_msgs/cmake/inspection_bot_msgs__rosidl_typesupport_introspection_cppExport.cmake\n'}
[4.027832] (inspection_bot_msgs) StdoutLine: {'line': b'-- Up-to-date: /media/sf_inspection_bot_ws/src/install/inspection_bot_msgs/share/inspection_bot_msgs/cmake/inspection_bot_msgs__rosidl_typesupport_introspection_cppExport-noconfig.cmake\n'}
[4.047584] (inspection_bot_msgs) StdoutLine: {'line': b'-- Up-to-date: /media/sf_inspection_bot_ws/src/install/inspection_bot_msgs/share/inspection_bot_msgs/cmake/inspection_bot_msgs__rosidl_typesupport_cppExport.cmake\n'}
[4.061273] (inspection_bot_msgs) StdoutLine: {'line': b'-- Up-to-date: /media/sf_inspection_bot_ws/src/install/inspection_bot_msgs/share/inspection_bot_msgs/cmake/inspection_bot_msgs__rosidl_typesupport_cppExport-noconfig.cmake\n'}
[4.072982] (inspection_bot_msgs) StdoutLine: {'line': b'-- Up-to-date: /media/sf_inspection_bot_ws/src/install/inspection_bot_msgs/share/inspection_bot_msgs/cmake/rosidl_cmake-extras.cmake\n'}
[4.086295] (-) TimerEvent: {}
[4.091842] (inspection_bot_msgs) StdoutLine: {'line': b'-- Up-to-date: /media/sf_inspection_bot_ws/src/install/inspection_bot_msgs/share/inspection_bot_msgs/cmake/ament_cmake_export_dependencies-extras.cmake\n'}
[4.109030] (inspection_bot_msgs) StdoutLine: {'line': b'-- Up-to-date: /media/sf_inspection_bot_ws/src/install/inspection_bot_msgs/share/inspection_bot_msgs/cmake/ament_cmake_export_libraries-extras.cmake\n'}
[4.113642] (inspection_bot_msgs) StdoutLine: {'line': b'-- Up-to-date: /media/sf_inspection_bot_ws/src/install/inspection_bot_msgs/share/inspection_bot_msgs/cmake/ament_cmake_export_targets-extras.cmake\n'}
[4.126080] (inspection_bot_msgs) StdoutLine: {'line': b'-- Up-to-date: /media/sf_inspection_bot_ws/src/install/inspection_bot_msgs/share/inspection_bot_msgs/cmake/ament_cmake_export_include_directories-extras.cmake\n'}
[4.143262] (inspection_bot_msgs) StdoutLine: {'line': b'-- Up-to-date: /media/sf_inspection_bot_ws/src/install/inspection_bot_msgs/share/inspection_bot_msgs/cmake/rosidl_cmake_export_typesupport_libraries-extras.cmake\n'}
[4.167475] (inspection_bot_msgs) StdoutLine: {'line': b'-- Up-to-date: /media/sf_inspection_bot_ws/src/install/inspection_bot_msgs/share/inspection_bot_msgs/cmake/rosidl_cmake_export_typesupport_targets-extras.cmake\n'}
[4.194263] (-) TimerEvent: {}
[4.195843] (inspection_bot_msgs) StdoutLine: {'line': b'-- Up-to-date: /media/sf_inspection_bot_ws/src/install/inspection_bot_msgs/share/inspection_bot_msgs/cmake/inspection_bot_msgsConfig.cmake\n'}
[4.206175] (inspection_bot_msgs) StdoutLine: {'line': b'-- Up-to-date: /media/sf_inspection_bot_ws/src/install/inspection_bot_msgs/share/inspection_bot_msgs/cmake/inspection_bot_msgsConfig-version.cmake\n'}
[4.226147] (inspection_bot_msgs) StdoutLine: {'line': b'-- Up-to-date: /media/sf_inspection_bot_ws/src/install/inspection_bot_msgs/share/inspection_bot_msgs/package.xml\n'}
[4.235886] (inspection_bot_msgs) CommandEnded: {'returncode': 0}
[4.294452] (-) TimerEvent: {}
[4.399179] (-) TimerEvent: {}
[4.501364] (-) TimerEvent: {}
[4.638613] (-) TimerEvent: {}
[4.648413] (inspection_bot_description) StdoutLine: {'line': b'-- Check for working CXX compiler: /usr/bin/c++ -- works\n'}
[4.654853] (inspection_bot_description) StdoutLine: {'line': b'-- Detecting CXX compiler ABI info\n'}
[4.738900] (-) TimerEvent: {}
[4.840247] (-) TimerEvent: {}
[4.941588] (-) TimerEvent: {}
[5.043509] (-) TimerEvent: {}
[5.150215] (-) TimerEvent: {}
[5.196269] (inspection_bot_msgs) JobEnded: {'identifier': 'inspection_bot_msgs', 'rc': 0}
[5.209989] (inspection_bot_nav) JobStarted: {'identifier': 'inspection_bot_nav'}
[5.250567] (-) TimerEvent: {}
[5.274752] (inspection_bot_vision) JobStarted: {'identifier': 'inspection_bot_vision'}
[5.352177] (-) TimerEvent: {}
[5.453600] (-) TimerEvent: {}
[6.638348] (inspection_bot_description) StdoutLine: {'line': b'-- Detecting CXX compiler ABI info - done\n'}
[6.640948] (-) TimerEvent: {}
[6.681912] (inspection_bot_description) StdoutLine: {'line': b'-- Detecting CXX compile features\n'}
[6.683529] (inspection_bot_description) StdoutLine: {'line': b'-- Detecting CXX compile features - done\n'}
[6.742665] (-) TimerEvent: {}
[6.745623] (inspection_bot_description) StdoutLine: {'line': b'-- Found ament_cmake: 0.9.12 (/opt/ros/foxy/share/ament_cmake/cmake)\n'}
[6.843607] (-) TimerEvent: {}
[6.899360] (inspection_bot_description) StdoutLine: {'line': b'-- Found PythonInterp: /usr/bin/python3 (found suitable version "3.8.10", minimum required is "3") \n'}
[6.904913] (inspection_bot_description) StdoutLine: {'line': b'-- Using PYTHON_EXECUTABLE: /usr/bin/python3\n'}
[6.943773] (-) TimerEvent: {}
[7.046606] (-) TimerEvent: {}
[7.148733] (-) TimerEvent: {}
[7.259175] (-) TimerEvent: {}
[7.362951] (-) TimerEvent: {}
[7.464833] (-) TimerEvent: {}
[7.581035] (-) TimerEvent: {}
[7.685532] (-) TimerEvent: {}
[7.787712] (-) TimerEvent: {}
[7.885995] (inspection_bot_description) StdoutLine: {'line': b'-- Configuring done\n'}
[7.887707] (-) TimerEvent: {}
[7.989470] (-) TimerEvent: {}
[8.069436] (inspection_bot_description) StdoutLine: {'line': b'-- Generating done\n'}
[8.089683] (-) TimerEvent: {}
[8.167962] (inspection_bot_description) StdoutLine: {'line': b'-- Build files have been written to: /media/sf_inspection_bot_ws/src/build/inspection_bot_description\n'}
[8.180708] (inspection_bot_description) CommandEnded: {'returncode': 0}
[8.186165] (inspection_bot_description) JobProgress: {'identifier': 'inspection_bot_description', 'progress': 'build'}
[8.191885] (inspection_bot_description) Command: {'cmd': ['/usr/bin/cmake', '--build', '/media/sf_inspection_bot_ws/src/build/inspection_bot_description', '--', '-j3', '-l3'], 'cwd': '/media/sf_inspection_bot_ws/src/build/inspection_bot_description', 'env': OrderedDict([('GJS_DEBUG_TOPICS', 'JS ERROR;JS LOG'), ('LESSOPEN', '| /usr/bin/lesspipe %s'), ('PYTHONWARNINGS', 'ignore:::setuptools.command.install'), ('USER', 'achraf'), ('FONTCONFIG_PATH', '/etc/fonts'), ('GIO_MODULE_DIR', '/home/achraf/snap/code/common/.cache/gio-modules'), ('SSH_AGENT_PID', '1523'), ('XDG_SESSION_TYPE', 'x11'), ('GTK_EXE_PREFIX_VSCODE_SNAP_ORIG', ''), ('GDK_BACKEND_VSCODE_SNAP_ORIG', ''), ('SHLVL', '1'), ('LD_LIBRARY_PATH', '/opt/ros/foxy/opt/yaml_cpp_vendor/lib:/opt/ros/foxy/opt/rviz_ogre_vendor/lib:/opt/ros/foxy/lib/x86_64-linux-gnu:/opt/ros/foxy/lib'), ('HOME', '/home/achraf'), ('CHROME_DESKTOP', 'code.desktop'), ('LOCPATH_VSCODE_SNAP_ORIG', ''), ('TERM_PROGRAM_VERSION', '1.120.0'), ('DESKTOP_SESSION', 'ubuntu'), ('GTK_PATH', '/snap/code/240/usr/lib/x86_64-linux-gnu/gtk-3.0'), ('XDG_DATA_HOME_VSCODE_SNAP_ORIG', ''), ('GTK_IM_MODULE_FILE', '/home/achraf/snap/code/common/.cache/immodules/immodules.cache'), ('GIO_LAUNCHED_DESKTOP_FILE', '/var/lib/snapd/desktop/applications/code_code.desktop'), ('ROS_PYTHON_VERSION', '3'), ('GNOME_SHELL_SESSION_MODE', 'ubuntu'), ('GTK_MODULES', 'gail:atk-bridge'), ('GSETTINGS_SCHEMA_DIR_VSCODE_SNAP_ORIG', ''), ('MANAGERPID', '1392'), ('VSCODE_PYTHON_AUTOACTIVATE_GUARD', '1'), ('DBUS_SESSION_BUS_ADDRESS', 'unix:path=/run/user/1000/bus'), ('COLORTERM', 'truecolor'), ('GIO_LAUNCHED_DESKTOP_FILE_PID', '2088'), ('IM_CONFIG_PHASE', '1'), ('ROS_DISTRO', 'foxy'), ('LOGNAME', 'achraf'), ('JOURNAL_STREAM', '8:33737'), ('_', '/usr/bin/colcon'), ('ROS_VERSION', '2'), ('XDG_CONFIG_DIRS_VSCODE_SNAP_ORIG', '/etc/xdg/xdg-ubuntu:/etc/xdg'), ('XDG_SESSION_CLASS', 'user'), ('XDG_DATA_DIRS_VSCODE_SNAP_ORIG', '/usr/share/ubuntu:/usr/local/share/:/usr/share/:/var/lib/snapd/desktop'), ('USERNAME', 'achraf'), ('TERM', 'xterm-256color'), ('GNOME_DESKTOP_SESSION_ID', 'this-is-deprecated'), ('FC_FONTATIONS', '1'), ('ROS_LOCALHOST_ONLY', '0'), ('WINDOWPATH', '2'), ('PATH', '/opt/ros/foxy/bin:/usr/local/sbin:/usr/local/bin:/usr/sbin:/usr/bin:/sbin:/bin:/usr/games:/usr/local/games:/snap/bin'), ('SESSION_MANAGER', 'local/achraf-VirtualBox:@/tmp/.ICE-unix/1576,unix/achraf-VirtualBox:/tmp/.ICE-unix/1576'), ('GTK_EXE_PREFIX', '/snap/code/240/usr'), ('INVOCATION_ID', '9baff032738f4ee2ba5bac680b175c15'), ('XDG_MENU_PREFIX', 'gnome-'), ('XDG_RUNTIME_DIR', '/run/user/1000'), ('GDK_BACKEND', 'x11'), ('DISPLAY', ':0'), ('LOCPATH', '/snap/code/240/usr/lib/locale'), ('LANG', 'en_US.UTF-8'), ('XDG_CURRENT_DESKTOP', 'ubuntu:GNOME'), ('GIO_MODULE_DIR_VSCODE_SNAP_ORIG', ''), ('XDG_DATA_HOME', '/home/achraf/snap/code/240/.local/share'), ('XMODIFIERS', '@im=ibus'), ('XDG_SESSION_DESKTOP', 'ubuntu'), ('XAUTHORITY', '/run/user/1000/gdm/Xauthority'), ('LS_COLORS', 'rs=0:di=01;34:ln=01;36:mh=00:pi=40;33:so=01;35:do=01;35:bd=40;33;01:cd=40;33;01:or=40;31;01:mi=00:su=37;41:sg=30;43:ca=30;41:tw=30;42:ow=34;42:st=37;44:ex=01;32:*.tar=01;31:*.tgz=01;31:*.arc=01;31:*.arj=01;31:*.taz=01;31:*.lha=01;31:*.lz4=01;31:*.lzh=01;31:*.lzma=01;31:*.tlz=01;31:*.txz=01;31:*.tzo=01;31:*.t7z=01;31:*.zip=01;31:*.z=01;31:*.dz=01;31:*.gz=01;31:*.lrz=01;31:*.lz=01;31:*.lzo=01;31:*.xz=01;31:*.zst=01;31:*.tzst=01;31:*.bz2=01;31:*.bz=01;31:*.tbz=01;31:*.tbz2=01;31:*.tz=01;31:*.deb=01;31:*.rpm=01;31:*.jar=01;31:*.war=01;31:*.ear=01;31:*.sar=01;31:*.rar=01;31:*.alz=01;31:*.ace=01;31:*.zoo=01;31:*.cpio=01;31:*.7z=01;31:*.rz=01;31:*.cab=01;31:*.wim=01;31:*.swm=01;31:*.dwm=01;31:*.esd=01;31:*.jpg=01;35:*.jpeg=01;35:*.mjpg=01;35:*.mjpeg=01;35:*.gif=01;35:*.bmp=01;35:*.pbm=01;35:*.pgm=01;35:*.ppm=01;35:*.tga=01;35:*.xbm=01;35:*.xpm=01;35:*.tif=01;35:*.tiff=01;35:*.png=01;35:*.svg=01;35:*.svgz=01;35:*.mng=01;35:*.pcx=01;35:*.mov=01;35:*.mpg=01;35:*.mpeg=01;35:*.m2v=01;35:*.mkv=01;35:*.webm=01;35:*.ogm=01;35:*.mp4=01;35:*.m4v=01;35:*.mp4v=01;35:*.vob=01;35:*.qt=01;35:*.nuv=01;35:*.wmv=01;35:*.asf=01;35:*.rm=01;35:*.rmvb=01;35:*.flc=01;35:*.avi=01;35:*.fli=01;35:*.flv=01;35:*.gl=01;35:*.dl=01;35:*.xcf=01;35:*.xwd=01;35:*.yuv=01;35:*.cgm=01;35:*.emf=01;35:*.ogv=01;35:*.ogx=01;35:*.aac=00;36:*.au=00;36:*.flac=00;36:*.m4a=00;36:*.mid=00;36:*.midi=00;36:*.mka=00;36:*.mp3=00;36:*.mpc=00;36:*.ogg=00;36:*.ra=00;36:*.wav=00;36:*.oga=00;36:*.opus=00;36:*.spx=00;36:*.xspf=00;36:'), ('TERM_PROGRAM', 'vscode'), ('SSH_AUTH_SOCK', '/run/user/1000/keyring/ssh'), ('GSETTINGS_SCHEMA_DIR', '/home/achraf/snap/code/240/.local/share/glib-2.0/schemas'), ('AMENT_PREFIX_PATH', '/opt/ros/foxy'), ('SHELL', '/bin/bash'), ('QT_ACCESSIBILITY', '1'), ('GDMSESSION', 'ubuntu'), ('LESSCLOSE', '/usr/bin/lesspipe %s %s'), ('GTK_PATH_VSCODE_SNAP_ORIG', ''), ('FONTCONFIG_FILE', '/etc/fonts/fonts.conf'), ('GTK_IM_MODULE_FILE_VSCODE_SNAP_ORIG', ''), ('GPG_AGENT_INFO', '/run/user/1000/gnupg/S.gpg-agent:0:1'), ('GJS_DEBUG_OUTPUT', 'stderr'), ('QT_IM_MODULE', 'ibus'), ('PWD', '/media/sf_inspection_bot_ws/src/build/inspection_bot_description'), ('XDG_CONFIG_DIRS', '/etc/xdg/xdg-ubuntu:/etc/xdg'), ('XDG_DATA_DIRS', '/home/achraf/snap/code/240/.local/share:/home/achraf/snap/code/240:/snap/code/240/usr/share:/usr/share/ubuntu:/usr/local/share/:/usr/share/:/var/lib/snapd/desktop'), ('PYTHONPATH', '/opt/ros/foxy/lib/python3.8/site-packages'), ('COLCON', '1'), ('CMAKE_PREFIX_PATH', '/opt/ros/foxy')]), 'shell': False}
[8.198113] (-) TimerEvent: {}
[8.300041] (-) TimerEvent: {}
[8.363458] (inspection_bot_description) CommandEnded: {'returncode': 0}
[8.374093] (inspection_bot_description) JobProgress: {'identifier': 'inspection_bot_description', 'progress': 'install'}
[8.382079] (inspection_bot_description) Command: {'cmd': ['/usr/bin/cmake', '--install', '/media/sf_inspection_bot_ws/src/build/inspection_bot_description'], 'cwd': '/media/sf_inspection_bot_ws/src/build/inspection_bot_description', 'env': OrderedDict([('GJS_DEBUG_TOPICS', 'JS ERROR;JS LOG'), ('LESSOPEN', '| /usr/bin/lesspipe %s'), ('PYTHONWARNINGS', 'ignore:::setuptools.command.install'), ('USER', 'achraf'), ('FONTCONFIG_PATH', '/etc/fonts'), ('GIO_MODULE_DIR', '/home/achraf/snap/code/common/.cache/gio-modules'), ('SSH_AGENT_PID', '1523'), ('XDG_SESSION_TYPE', 'x11'), ('GTK_EXE_PREFIX_VSCODE_SNAP_ORIG', ''), ('GDK_BACKEND_VSCODE_SNAP_ORIG', ''), ('SHLVL', '1'), ('LD_LIBRARY_PATH', '/opt/ros/foxy/opt/yaml_cpp_vendor/lib:/opt/ros/foxy/opt/rviz_ogre_vendor/lib:/opt/ros/foxy/lib/x86_64-linux-gnu:/opt/ros/foxy/lib'), ('HOME', '/home/achraf'), ('CHROME_DESKTOP', 'code.desktop'), ('LOCPATH_VSCODE_SNAP_ORIG', ''), ('TERM_PROGRAM_VERSION', '1.120.0'), ('DESKTOP_SESSION', 'ubuntu'), ('GTK_PATH', '/snap/code/240/usr/lib/x86_64-linux-gnu/gtk-3.0'), ('XDG_DATA_HOME_VSCODE_SNAP_ORIG', ''), ('GTK_IM_MODULE_FILE', '/home/achraf/snap/code/common/.cache/immodules/immodules.cache'), ('GIO_LAUNCHED_DESKTOP_FILE', '/var/lib/snapd/desktop/applications/code_code.desktop'), ('ROS_PYTHON_VERSION', '3'), ('GNOME_SHELL_SESSION_MODE', 'ubuntu'), ('GTK_MODULES', 'gail:atk-bridge'), ('GSETTINGS_SCHEMA_DIR_VSCODE_SNAP_ORIG', ''), ('MANAGERPID', '1392'), ('VSCODE_PYTHON_AUTOACTIVATE_GUARD', '1'), ('DBUS_SESSION_BUS_ADDRESS', 'unix:path=/run/user/1000/bus'), ('COLORTERM', 'truecolor'), ('GIO_LAUNCHED_DESKTOP_FILE_PID', '2088'), ('IM_CONFIG_PHASE', '1'), ('ROS_DISTRO', 'foxy'), ('LOGNAME', 'achraf'), ('JOURNAL_STREAM', '8:33737'), ('_', '/usr/bin/colcon'), ('ROS_VERSION', '2'), ('XDG_CONFIG_DIRS_VSCODE_SNAP_ORIG', '/etc/xdg/xdg-ubuntu:/etc/xdg'), ('XDG_SESSION_CLASS', 'user'), ('XDG_DATA_DIRS_VSCODE_SNAP_ORIG', '/usr/share/ubuntu:/usr/local/share/:/usr/share/:/var/lib/snapd/desktop'), ('USERNAME', 'achraf'), ('TERM', 'xterm-256color'), ('GNOME_DESKTOP_SESSION_ID', 'this-is-deprecated'), ('FC_FONTATIONS', '1'), ('ROS_LOCALHOST_ONLY', '0'), ('WINDOWPATH', '2'), ('PATH', '/opt/ros/foxy/bin:/usr/local/sbin:/usr/local/bin:/usr/sbin:/usr/bin:/sbin:/bin:/usr/games:/usr/local/games:/snap/bin'), ('SESSION_MANAGER', 'local/achraf-VirtualBox:@/tmp/.ICE-unix/1576,unix/achraf-VirtualBox:/tmp/.ICE-unix/1576'), ('GTK_EXE_PREFIX', '/snap/code/240/usr'), ('INVOCATION_ID', '9baff032738f4ee2ba5bac680b175c15'), ('XDG_MENU_PREFIX', 'gnome-'), ('XDG_RUNTIME_DIR', '/run/user/1000'), ('GDK_BACKEND', 'x11'), ('DISPLAY', ':0'), ('LOCPATH', '/snap/code/240/usr/lib/locale'), ('LANG', 'en_US.UTF-8'), ('XDG_CURRENT_DESKTOP', 'ubuntu:GNOME'), ('GIO_MODULE_DIR_VSCODE_SNAP_ORIG', ''), ('XDG_DATA_HOME', '/home/achraf/snap/code/240/.local/share'), ('XMODIFIERS', '@im=ibus'), ('XDG_SESSION_DESKTOP', 'ubuntu'), ('XAUTHORITY', '/run/user/1000/gdm/Xauthority'), ('LS_COLORS', 'rs=0:di=01;34:ln=01;36:mh=00:pi=40;33:so=01;35:do=01;35:bd=40;33;01:cd=40;33;01:or=40;31;01:mi=00:su=37;41:sg=30;43:ca=30;41:tw=30;42:ow=34;42:st=37;44:ex=01;32:*.tar=01;31:*.tgz=01;31:*.arc=01;31:*.arj=01;31:*.taz=01;31:*.lha=01;31:*.lz4=01;31:*.lzh=01;31:*.lzma=01;31:*.tlz=01;31:*.txz=01;31:*.tzo=01;31:*.t7z=01;31:*.zip=01;31:*.z=01;31:*.dz=01;31:*.gz=01;31:*.lrz=01;31:*.lz=01;31:*.lzo=01;31:*.xz=01;31:*.zst=01;31:*.tzst=01;31:*.bz2=01;31:*.bz=01;31:*.tbz=01;31:*.tbz2=01;31:*.tz=01;31:*.deb=01;31:*.rpm=01;31:*.jar=01;31:*.war=01;31:*.ear=01;31:*.sar=01;31:*.rar=01;31:*.alz=01;31:*.ace=01;31:*.zoo=01;31:*.cpio=01;31:*.7z=01;31:*.rz=01;31:*.cab=01;31:*.wim=01;31:*.swm=01;31:*.dwm=01;31:*.esd=01;31:*.jpg=01;35:*.jpeg=01;35:*.mjpg=01;35:*.mjpeg=01;35:*.gif=01;35:*.bmp=01;35:*.pbm=01;35:*.pgm=01;35:*.ppm=01;35:*.tga=01;35:*.xbm=01;35:*.xpm=01;35:*.tif=01;35:*.tiff=01;35:*.png=01;35:*.svg=01;35:*.svgz=01;35:*.mng=01;35:*.pcx=01;35:*.mov=01;35:*.mpg=01;35:*.mpeg=01;35:*.m2v=01;35:*.mkv=01;35:*.webm=01;35:*.ogm=01;35:*.mp4=01;35:*.m4v=01;35:*.mp4v=01;35:*.vob=01;35:*.qt=01;35:*.nuv=01;35:*.wmv=01;35:*.asf=01;35:*.rm=01;35:*.rmvb=01;35:*.flc=01;35:*.avi=01;35:*.fli=01;35:*.flv=01;35:*.gl=01;35:*.dl=01;35:*.xcf=01;35:*.xwd=01;35:*.yuv=01;35:*.cgm=01;35:*.emf=01;35:*.ogv=01;35:*.ogx=01;35:*.aac=00;36:*.au=00;36:*.flac=00;36:*.m4a=00;36:*.mid=00;36:*.midi=00;36:*.mka=00;36:*.mp3=00;36:*.mpc=00;36:*.ogg=00;36:*.ra=00;36:*.wav=00;36:*.oga=00;36:*.opus=00;36:*.spx=00;36:*.xspf=00;36:'), ('TERM_PROGRAM', 'vscode'), ('SSH_AUTH_SOCK', '/run/user/1000/keyring/ssh'), ('GSETTINGS_SCHEMA_DIR', '/home/achraf/snap/code/240/.local/share/glib-2.0/schemas'), ('AMENT_PREFIX_PATH', '/opt/ros/foxy'), ('SHELL', '/bin/bash'), ('QT_ACCESSIBILITY', '1'), ('GDMSESSION', 'ubuntu'), ('LESSCLOSE', '/usr/bin/lesspipe %s %s'), ('GTK_PATH_VSCODE_SNAP_ORIG', ''), ('FONTCONFIG_FILE', '/etc/fonts/fonts.conf'), ('GTK_IM_MODULE_FILE_VSCODE_SNAP_ORIG', ''), ('GPG_AGENT_INFO', '/run/user/1000/gnupg/S.gpg-agent:0:1'), ('GJS_DEBUG_OUTPUT', 'stderr'), ('QT_IM_MODULE', 'ibus'), ('PWD', '/media/sf_inspection_bot_ws/src/build/inspection_bot_description'), ('XDG_CONFIG_DIRS', '/etc/xdg/xdg-ubuntu:/etc/xdg'), ('XDG_DATA_DIRS', '/home/achraf/snap/code/240/.local/share:/home/achraf/snap/code/240:/snap/code/240/usr/share:/usr/share/ubuntu:/usr/local/share/:/usr/share/:/var/lib/snapd/desktop'), ('PYTHONPATH', '/opt/ros/foxy/lib/python3.8/site-packages'), ('COLCON', '1'), ('CMAKE_PREFIX_PATH', '/opt/ros/foxy')]), 'shell': False}
[8.399655] (inspection_bot_description) StdoutLine: {'line': b'-- Install configuration: ""\n'}
[8.402942] (-) TimerEvent: {}
[8.405340] (inspection_bot_description) StdoutLine: {'line': b'-- Installing: /media/sf_inspection_bot_ws/src/install/inspection_bot_description/share/inspection_bot_description/worlds\n'}
[8.419852] (inspection_bot_description) StdoutLine: {'line': b'-- Installing: /media/sf_inspection_bot_ws/src/install/inspection_bot_description/share/inspection_bot_description/worlds/server_room.world\n'}
[8.448113] (inspection_bot_description) StdoutLine: {'line': b'-- Installing: /media/sf_inspection_bot_ws/src/install/inspection_bot_description/share/inspection_bot_description/urdf\n'}
[8.457398] (inspection_bot_description) StdoutLine: {'line': b'-- Installing: /media/sf_inspection_bot_ws/src/install/inspection_bot_description/share/inspection_bot_description/urdf/rgb_camera.xacro\n'}
[8.486029] (inspection_bot_description) StdoutLine: {'line': b'-- Installing: /media/sf_inspection_bot_ws/src/install/inspection_bot_description/share/inspection_bot_description/meshes\n'}
[8.500017] (inspection_bot_description) StdoutLine: {'line': b'-- Installing: /media/sf_inspection_bot_ws/src/install/inspection_bot_description/share/ament_index/resource_index/package_run_dependencies/inspection_bot_description\n'}
[8.503179] (-) TimerEvent: {}
[8.529586] (inspection_bot_description) StdoutLine: {'line': b'-- Installing: /media/sf_inspection_bot_ws/src/install/inspection_bot_description/share/ament_index/resource_index/parent_prefix_path/inspection_bot_description\n'}
[8.553328] (inspection_bot_description) StdoutLine: {'line': b'-- Installing: /media/sf_inspection_bot_ws/src/install/inspection_bot_description/share/inspection_bot_description/environment/ament_prefix_path.sh\n'}
[8.572623] (inspection_bot_description) StdoutLine: {'line': b'-- Installing: /media/sf_inspection_bot_ws/src/install/inspection_bot_description/share/inspection_bot_description/environment/ament_prefix_path.dsv\n'}
[8.596842] (inspection_bot_description) StdoutLine: {'line': b'-- Installing: /media/sf_inspection_bot_ws/src/install/inspection_bot_description/share/inspection_bot_description/environment/path.sh\n'}
[8.603469] (-) TimerEvent: {}
[8.613353] (inspection_bot_description) StdoutLine: {'line': b'-- Installing: /media/sf_inspection_bot_ws/src/install/inspection_bot_description/share/inspection_bot_description/environment/path.dsv\n'}
[8.643461] (inspection_bot_description) StdoutLine: {'line': b'-- Installing: /media/sf_inspection_bot_ws/src/install/inspection_bot_description/share/inspection_bot_description/local_setup.bash\n'}
[8.655226] (inspection_bot_description) StdoutLine: {'line': b'-- Installing: /media/sf_inspection_bot_ws/src/install/inspection_bot_description/share/inspection_bot_description/local_setup.sh\n'}
[8.690779] (inspection_bot_description) StdoutLine: {'line': b'-- Installing: /media/sf_inspection_bot_ws/src/install/inspection_bot_description/share/inspection_bot_description/local_setup.zsh\n'}
[8.703883] (-) TimerEvent: {}
[8.711469] (inspection_bot_description) StdoutLine: {'line': b'-- Installing: /media/sf_inspection_bot_ws/src/install/inspection_bot_description/share/inspection_bot_description/local_setup.dsv\n'}
[8.740187] (inspection_bot_description) StdoutLine: {'line': b'-- Installing: /media/sf_inspection_bot_ws/src/install/inspection_bot_description/share/inspection_bot_description/package.dsv\n'}
[8.768626] (inspection_bot_description) StdoutLine: {'line': b'-- Installing: /media/sf_inspection_bot_ws/src/install/inspection_bot_description/share/ament_index/resource_index/packages/inspection_bot_description\n'}
[8.806297] (inspection_bot_description) StdoutLine: {'line': b'-- Installing: /media/sf_inspection_bot_ws/src/install/inspection_bot_description/share/inspection_bot_description/cmake/inspection_bot_descriptionConfig.cmake\n'}
[8.811408] (-) TimerEvent: {}
[8.845982] (inspection_bot_description) StdoutLine: {'line': b'-- Installing: /media/sf_inspection_bot_ws/src/install/inspection_bot_description/share/inspection_bot_description/cmake/inspection_bot_descriptionConfig-version.cmake\n'}
[8.877103] (inspection_bot_description) StdoutLine: {'line': b'-- Installing: /media/sf_inspection_bot_ws/src/install/inspection_bot_description/share/inspection_bot_description/package.xml\n'}
[8.910078] (inspection_bot_description) CommandEnded: {'returncode': 0}
[8.915750] (-) TimerEvent: {}
[9.017486] (-) TimerEvent: {}
[9.137702] (-) TimerEvent: {}
[9.238784] (-) TimerEvent: {}
[9.303031] (inspection_bot_description) JobEnded: {'identifier': 'inspection_bot_description', 'rc': 0}
[9.320120] (inspection_bot_vision) Command: {'cmd': ['/usr/bin/python3', '-W', 'ignore:setup.py install is deprecated', '-W', 'ignore:easy_install command is deprecated', 'setup.py', 'egg_info', '--egg-base', '../build/inspection_bot_vision', 'build', '--build-base', '/media/sf_inspection_bot_ws/src/build/inspection_bot_vision/build', 'install', '--record', '/media/sf_inspection_bot_ws/src/build/inspection_bot_vision/install.log', '--single-version-externally-managed', 'install_data'], 'cwd': '/media/sf_inspection_bot_ws/src/inspection_bot_vision', 'env': {'GJS_DEBUG_TOPICS': 'JS ERROR;JS LOG', 'LESSOPEN': '| /usr/bin/lesspipe %s', 'PYTHONWARNINGS': 'ignore:::setuptools.command.install', 'USER': 'achraf', 'FONTCONFIG_PATH': '/etc/fonts', 'GIO_MODULE_DIR': '/home/achraf/snap/code/common/.cache/gio-modules', 'SSH_AGENT_PID': '1523', 'XDG_SESSION_TYPE': 'x11', 'GTK_EXE_PREFIX_VSCODE_SNAP_ORIG': '', 'GDK_BACKEND_VSCODE_SNAP_ORIG': '', 'SHLVL': '1', 'LD_LIBRARY_PATH': '/media/sf_inspection_bot_ws/src/install/inspection_bot_msgs/lib:/opt/ros/foxy/opt/yaml_cpp_vendor/lib:/opt/ros/foxy/opt/rviz_ogre_vendor/lib:/opt/ros/foxy/lib/x86_64-linux-gnu:/opt/ros/foxy/lib', 'HOME': '/home/achraf', 'CHROME_DESKTOP': 'code.desktop', 'LOCPATH_VSCODE_SNAP_ORIG': '', 'TERM_PROGRAM_VERSION': '1.120.0', 'DESKTOP_SESSION': 'ubuntu', 'GTK_PATH': '/snap/code/240/usr/lib/x86_64-linux-gnu/gtk-3.0', 'XDG_DATA_HOME_VSCODE_SNAP_ORIG': '', 'GTK_IM_MODULE_FILE': '/home/achraf/snap/code/common/.cache/immodules/immodules.cache', 'GIO_LAUNCHED_DESKTOP_FILE': '/var/lib/snapd/desktop/applications/code_code.desktop', 'ROS_PYTHON_VERSION': '3', 'GNOME_SHELL_SESSION_MODE': 'ubuntu', 'GTK_MODULES': 'gail:atk-bridge', 'GSETTINGS_SCHEMA_DIR_VSCODE_SNAP_ORIG': '', 'MANAGERPID': '1392', 'VSCODE_PYTHON_AUTOACTIVATE_GUARD': '1', 'DBUS_SESSION_BUS_ADDRESS': 'unix:path=/run/user/1000/bus', 'COLORTERM': 'truecolor', 'GIO_LAUNCHED_DESKTOP_FILE_PID': '2088', 'IM_CONFIG_PHASE': '1', 'ROS_DISTRO': 'foxy', 'LOGNAME': 'achraf', 'JOURNAL_STREAM': '8:33737', '_': '/usr/bin/colcon', 'ROS_VERSION': '2', 'XDG_CONFIG_DIRS_VSCODE_SNAP_ORIG': '/etc/xdg/xdg-ubuntu:/etc/xdg', 'XDG_SESSION_CLASS': 'user', 'XDG_DATA_DIRS_VSCODE_SNAP_ORIG': '/usr/share/ubuntu:/usr/local/share/:/usr/share/:/var/lib/snapd/desktop', 'USERNAME': 'achraf', 'TERM': 'xterm-256color', 'GNOME_DESKTOP_SESSION_ID': 'this-is-deprecated', 'FC_FONTATIONS': '1', 'ROS_LOCALHOST_ONLY': '0', 'WINDOWPATH': '2', 'PATH': '/opt/ros/foxy/bin:/usr/local/sbin:/usr/local/bin:/usr/sbin:/usr/bin:/sbin:/bin:/usr/games:/usr/local/games:/snap/bin', 'SESSION_MANAGER': 'local/achraf-VirtualBox:@/tmp/.ICE-unix/1576,unix/achraf-VirtualBox:/tmp/.ICE-unix/1576', 'GTK_EXE_PREFIX': '/snap/code/240/usr', 'INVOCATION_ID': '9baff032738f4ee2ba5bac680b175c15', 'XDG_MENU_PREFIX': 'gnome-', 'XDG_RUNTIME_DIR': '/run/user/1000', 'GDK_BACKEND': 'x11', 'DISPLAY': ':0', 'LOCPATH': '/snap/code/240/usr/lib/locale', 'LANG': 'en_US.UTF-8', 'XDG_CURRENT_DESKTOP': 'ubuntu:GNOME', 'GIO_MODULE_DIR_VSCODE_SNAP_ORIG': '', 'XDG_DATA_HOME': '/home/achraf/snap/code/240/.local/share', 'XMODIFIERS': '@im=ibus', 'XDG_SESSION_DESKTOP': 'ubuntu', 'XAUTHORITY': '/run/user/1000/gdm/Xauthority', 'LS_COLORS': 'rs=0:di=01;34:ln=01;36:mh=00:pi=40;33:so=01;35:do=01;35:bd=40;33;01:cd=40;33;01:or=40;31;01:mi=00:su=37;41:sg=30;43:ca=30;41:tw=30;42:ow=34;42:st=37;44:ex=01;32:*.tar=01;31:*.tgz=01;31:*.arc=01;31:*.arj=01;31:*.taz=01;31:*.lha=01;31:*.lz4=01;31:*.lzh=01;31:*.lzma=01;31:*.tlz=01;31:*.txz=01;31:*.tzo=01;31:*.t7z=01;31:*.zip=01;31:*.z=01;31:*.dz=01;31:*.gz=01;31:*.lrz=01;31:*.lz=01;31:*.lzo=01;31:*.xz=01;31:*.zst=01;31:*.tzst=01;31:*.bz2=01;31:*.bz=01;31:*.tbz=01;31:*.tbz2=01;31:*.tz=01;31:*.deb=01;31:*.rpm=01;31:*.jar=01;31:*.war=01;31:*.ear=01;31:*.sar=01;31:*.rar=01;31:*.alz=01;31:*.ace=01;31:*.zoo=01;31:*.cpio=01;31:*.7z=01;31:*.rz=01;31:*.cab=01;31:*.wim=01;31:*.swm=01;31:*.dwm=01;31:*.esd=01;31:*.jpg=01;35:*.jpeg=01;35:*.mjpg=01;35:*.mjpeg=01;35:*.gif=01;35:*.bmp=01;35:*.pbm=01;35:*.pgm=01;35:*.ppm=01;35:*.tga=01;35:*.xbm=01;35:*.xpm=01;35:*.tif=01;35:*.tiff=01;35:*.png=01;35:*.svg=01;35:*.svgz=01;35:*.mng=01;35:*.pcx=01;35:*.mov=01;35:*.mpg=01;35:*.mpeg=01;35:*.m2v=01;35:*.mkv=01;35:*.webm=01;35:*.ogm=01;35:*.mp4=01;35:*.m4v=01;35:*.mp4v=01;35:*.vob=01;35:*.qt=01;35:*.nuv=01;35:*.wmv=01;35:*.asf=01;35:*.rm=01;35:*.rmvb=01;35:*.flc=01;35:*.avi=01;35:*.fli=01;35:*.flv=01;35:*.gl=01;35:*.dl=01;35:*.xcf=01;35:*.xwd=01;35:*.yuv=01;35:*.cgm=01;35:*.emf=01;35:*.ogv=01;35:*.ogx=01;35:*.aac=00;36:*.au=00;36:*.flac=00;36:*.m4a=00;36:*.mid=00;36:*.midi=00;36:*.mka=00;36:*.mp3=00;36:*.mpc=00;36:*.ogg=00;36:*.ra=00;36:*.wav=00;36:*.oga=00;36:*.opus=00;36:*.spx=00;36:*.xspf=00;36:', 'TERM_PROGRAM': 'vscode', 'SSH_AUTH_SOCK': '/run/user/1000/keyring/ssh', 'GSETTINGS_SCHEMA_DIR': '/home/achraf/snap/code/240/.local/share/glib-2.0/schemas', 'AMENT_PREFIX_PATH': '/media/sf_inspection_bot_ws/src/install/inspection_bot_msgs:/opt/ros/foxy', 'SHELL': '/bin/bash', 'QT_ACCESSIBILITY': '1', 'GDMSESSION': 'ubuntu', 'LESSCLOSE': '/usr/bin/lesspipe %s %s', 'GTK_PATH_VSCODE_SNAP_ORIG': '', 'FONTCONFIG_FILE': '/etc/fonts/fonts.conf', 'GTK_IM_MODULE_FILE_VSCODE_SNAP_ORIG': '', 'GPG_AGENT_INFO': '/run/user/1000/gnupg/S.gpg-agent:0:1', 'GJS_DEBUG_OUTPUT': 'stderr', 'QT_IM_MODULE': 'ibus', 'PWD': '/media/sf_inspection_bot_ws/src/build/inspection_bot_vision', 'XDG_CONFIG_DIRS': '/etc/xdg/xdg-ubuntu:/etc/xdg', 'XDG_DATA_DIRS': '/home/achraf/snap/code/240/.local/share:/home/achraf/snap/code/240:/snap/code/240/usr/share:/usr/share/ubuntu:/usr/local/share/:/usr/share/:/var/lib/snapd/desktop', 'PYTHONPATH': '/media/sf_inspection_bot_ws/src/build/inspection_bot_vision/prefix_override:/usr/lib/python3/dist-packages/colcon_core/task/python/colcon_distutils_commands:/media/sf_inspection_bot_ws/src/install/inspection_bot_vision/lib/python3.8/site-packages:/media/sf_inspection_bot_ws/src/install/inspection_bot_msgs/lib/python3.8/site-packages:/opt/ros/foxy/lib/python3.8/site-packages', 'COLCON': '1', 'CMAKE_PREFIX_PATH': '/media/sf_inspection_bot_ws/src/install/inspection_bot_msgs'}, 'shell': False}
[9.338455] (inspection_bot_nav) Command: {'cmd': ['/usr/bin/python3', '-W', 'ignore:setup.py install is deprecated', '-W', 'ignore:easy_install command is deprecated', 'setup.py', 'egg_info', '--egg-base', '../build/inspection_bot_nav', 'build', '--build-base', '/media/sf_inspection_bot_ws/src/build/inspection_bot_nav/build', 'install', '--record', '/media/sf_inspection_bot_ws/src/build/inspection_bot_nav/install.log', '--single-version-externally-managed', 'install_data'], 'cwd': '/media/sf_inspection_bot_ws/src/inspection_bot_nav', 'env': {'GJS_DEBUG_TOPICS': 'JS ERROR;JS LOG', 'LESSOPEN': '| /usr/bin/lesspipe %s', 'PYTHONWARNINGS': 'ignore:::setuptools.command.install', 'USER': 'achraf', 'FONTCONFIG_PATH': '/etc/fonts', 'GIO_MODULE_DIR': '/home/achraf/snap/code/common/.cache/gio-modules', 'SSH_AGENT_PID': '1523', 'XDG_SESSION_TYPE': 'x11', 'GTK_EXE_PREFIX_VSCODE_SNAP_ORIG': '', 'GDK_BACKEND_VSCODE_SNAP_ORIG': '', 'SHLVL': '1', 'LD_LIBRARY_PATH': '/media/sf_inspection_bot_ws/src/install/inspection_bot_msgs/lib:/opt/ros/foxy/opt/yaml_cpp_vendor/lib:/opt/ros/foxy/opt/rviz_ogre_vendor/lib:/opt/ros/foxy/lib/x86_64-linux-gnu:/opt/ros/foxy/lib', 'HOME': '/home/achraf', 'CHROME_DESKTOP': 'code.desktop', 'LOCPATH_VSCODE_SNAP_ORIG': '', 'TERM_PROGRAM_VERSION': '1.120.0', 'DESKTOP_SESSION': 'ubuntu', 'GTK_PATH': '/snap/code/240/usr/lib/x86_64-linux-gnu/gtk-3.0', 'XDG_DATA_HOME_VSCODE_SNAP_ORIG': '', 'GTK_IM_MODULE_FILE': '/home/achraf/snap/code/common/.cache/immodules/immodules.cache', 'GIO_LAUNCHED_DESKTOP_FILE': '/var/lib/snapd/desktop/applications/code_code.desktop', 'ROS_PYTHON_VERSION': '3', 'GNOME_SHELL_SESSION_MODE': 'ubuntu', 'GTK_MODULES': 'gail:atk-bridge', 'GSETTINGS_SCHEMA_DIR_VSCODE_SNAP_ORIG': '', 'MANAGERPID': '1392', 'VSCODE_PYTHON_AUTOACTIVATE_GUARD': '1', 'DBUS_SESSION_BUS_ADDRESS': 'unix:path=/run/user/1000/bus', 'COLORTERM': 'truecolor', 'GIO_LAUNCHED_DESKTOP_FILE_PID': '2088', 'IM_CONFIG_PHASE': '1', 'ROS_DISTRO': 'foxy', 'LOGNAME': 'achraf', 'JOURNAL_STREAM': '8:33737', '_': '/usr/bin/colcon', 'ROS_VERSION': '2', 'XDG_CONFIG_DIRS_VSCODE_SNAP_ORIG': '/etc/xdg/xdg-ubuntu:/etc/xdg', 'XDG_SESSION_CLASS': 'user', 'XDG_DATA_DIRS_VSCODE_SNAP_ORIG': '/usr/share/ubuntu:/usr/local/share/:/usr/share/:/var/lib/snapd/desktop', 'USERNAME': 'achraf', 'TERM': 'xterm-256color', 'GNOME_DESKTOP_SESSION_ID': 'this-is-deprecated', 'FC_FONTATIONS': '1', 'ROS_LOCALHOST_ONLY': '0', 'WINDOWPATH': '2', 'PATH': '/opt/ros/foxy/bin:/usr/local/sbin:/usr/local/bin:/usr/sbin:/usr/bin:/sbin:/bin:/usr/games:/usr/local/games:/snap/bin', 'SESSION_MANAGER': 'local/achraf-VirtualBox:@/tmp/.ICE-unix/1576,unix/achraf-VirtualBox:/tmp/.ICE-unix/1576', 'GTK_EXE_PREFIX': '/snap/code/240/usr', 'INVOCATION_ID': '9baff032738f4ee2ba5bac680b175c15', 'XDG_MENU_PREFIX': 'gnome-', 'XDG_RUNTIME_DIR': '/run/user/1000', 'GDK_BACKEND': 'x11', 'DISPLAY': ':0', 'LOCPATH': '/snap/code/240/usr/lib/locale', 'LANG': 'en_US.UTF-8', 'XDG_CURRENT_DESKTOP': 'ubuntu:GNOME', 'GIO_MODULE_DIR_VSCODE_SNAP_ORIG': '', 'XDG_DATA_HOME': '/home/achraf/snap/code/240/.local/share', 'XMODIFIERS': '@im=ibus', 'XDG_SESSION_DESKTOP': 'ubuntu', 'XAUTHORITY': '/run/user/1000/gdm/Xauthority', 'LS_COLORS': 'rs=0:di=01;34:ln=01;36:mh=00:pi=40;33:so=01;35:do=01;35:bd=40;33;01:cd=40;33;01:or=40;31;01:mi=00:su=37;41:sg=30;43:ca=30;41:tw=30;42:ow=34;42:st=37;44:ex=01;32:*.tar=01;31:*.tgz=01;31:*.arc=01;31:*.arj=01;31:*.taz=01;31:*.lha=01;31:*.lz4=01;31:*.lzh=01;31:*.lzma=01;31:*.tlz=01;31:*.txz=01;31:*.tzo=01;31:*.t7z=01;31:*.zip=01;31:*.z=01;31:*.dz=01;31:*.gz=01;31:*.lrz=01;31:*.lz=01;31:*.lzo=01;31:*.xz=01;31:*.zst=01;31:*.tzst=01;31:*.bz2=01;31:*.bz=01;31:*.tbz=01;31:*.tbz2=01;31:*.tz=01;31:*.deb=01;31:*.rpm=01;31:*.jar=01;31:*.war=01;31:*.ear=01;31:*.sar=01;31:*.rar=01;31:*.alz=01;31:*.ace=01;31:*.zoo=01;31:*.cpio=01;31:*.7z=01;31:*.rz=01;31:*.cab=01;31:*.wim=01;31:*.swm=01;31:*.dwm=01;31:*.esd=01;31:*.jpg=01;35:*.jpeg=01;35:*.mjpg=01;35:*.mjpeg=01;35:*.gif=01;35:*.bmp=01;35:*.pbm=01;35:*.pgm=01;35:*.ppm=01;35:*.tga=01;35:*.xbm=01;35:*.xpm=01;35:*.tif=01;35:*.tiff=01;35:*.png=01;35:*.svg=01;35:*.svgz=01;35:*.mng=01;35:*.pcx=01;35:*.mov=01;35:*.mpg=01;35:*.mpeg=01;35:*.m2v=01;35:*.mkv=01;35:*.webm=01;35:*.ogm=01;35:*.mp4=01;35:*.m4v=01;35:*.mp4v=01;35:*.vob=01;35:*.qt=01;35:*.nuv=01;35:*.wmv=01;35:*.asf=01;35:*.rm=01;35:*.rmvb=01;35:*.flc=01;35:*.avi=01;35:*.fli=01;35:*.flv=01;35:*.gl=01;35:*.dl=01;35:*.xcf=01;35:*.xwd=01;35:*.yuv=01;35:*.cgm=01;35:*.emf=01;35:*.ogv=01;35:*.ogx=01;35:*.aac=00;36:*.au=00;36:*.flac=00;36:*.m4a=00;36:*.mid=00;36:*.midi=00;36:*.mka=00;36:*.mp3=00;36:*.mpc=00;36:*.ogg=00;36:*.ra=00;36:*.wav=00;36:*.oga=00;36:*.opus=00;36:*.spx=00;36:*.xspf=00;36:', 'TERM_PROGRAM': 'vscode', 'SSH_AUTH_SOCK': '/run/user/1000/keyring/ssh', 'GSETTINGS_SCHEMA_DIR': '/home/achraf/snap/code/240/.local/share/glib-2.0/schemas', 'AMENT_PREFIX_PATH': '/media/sf_inspection_bot_ws/src/install/inspection_bot_msgs:/opt/ros/foxy', 'SHELL': '/bin/bash', 'QT_ACCESSIBILITY': '1', 'GDMSESSION': 'ubuntu', 'LESSCLOSE': '/usr/bin/lesspipe %s %s', 'GTK_PATH_VSCODE_SNAP_ORIG': '', 'FONTCONFIG_FILE': '/etc/fonts/fonts.conf', 'GTK_IM_MODULE_FILE_VSCODE_SNAP_ORIG': '', 'GPG_AGENT_INFO': '/run/user/1000/gnupg/S.gpg-agent:0:1', 'GJS_DEBUG_OUTPUT': 'stderr', 'QT_IM_MODULE': 'ibus', 'PWD': '/media/sf_inspection_bot_ws/src/build/inspection_bot_nav', 'XDG_CONFIG_DIRS': '/etc/xdg/xdg-ubuntu:/etc/xdg', 'XDG_DATA_DIRS': '/home/achraf/snap/code/240/.local/share:/home/achraf/snap/code/240:/snap/code/240/usr/share:/usr/share/ubuntu:/usr/local/share/:/usr/share/:/var/lib/snapd/desktop', 'PYTHONPATH': '/media/sf_inspection_bot_ws/src/build/inspection_bot_nav/prefix_override:/usr/lib/python3/dist-packages/colcon_core/task/python/colcon_distutils_commands:/media/sf_inspection_bot_ws/src/install/inspection_bot_nav/lib/python3.8/site-packages:/media/sf_inspection_bot_ws/src/install/inspection_bot_msgs/lib/python3.8/site-packages:/opt/ros/foxy/lib/python3.8/site-packages', 'COLCON': '1', 'CMAKE_PREFIX_PATH': '/media/sf_inspection_bot_ws/src/install/inspection_bot_msgs'}, 'shell': False}
[9.356809] (-) TimerEvent: {}
[9.457983] (-) TimerEvent: {}
[9.559045] (-) TimerEvent: {}
[9.652628] (inspection_bot_vision) StdoutLine: {'line': b'running egg_info\n'}
[9.655575] (inspection_bot_vision) StdoutLine: {'line': b'creating ../build/inspection_bot_vision/inspection_bot_vision.egg-info\n'}
[9.659113] (-) TimerEvent: {}
[9.660474] (inspection_bot_vision) StdoutLine: {'line': b'writing ../build/inspection_bot_vision/inspection_bot_vision.egg-info/PKG-INFO\n'}
[9.670067] (inspection_bot_vision) StdoutLine: {'line': b'writing dependency_links to ../build/inspection_bot_vision/inspection_bot_vision.egg-info/dependency_links.txt\n'}
[9.673859] (inspection_bot_vision) StdoutLine: {'line': b'writing entry points to ../build/inspection_bot_vision/inspection_bot_vision.egg-info/entry_points.txt\n'}
[9.678627] (inspection_bot_vision) StdoutLine: {'line': b'writing requirements to ../build/inspection_bot_vision/inspection_bot_vision.egg-info/requires.txt\n'}
[9.682436] (inspection_bot_vision) StdoutLine: {'line': b'writing top-level names to ../build/inspection_bot_vision/inspection_bot_vision.egg-info/top_level.txt\n'}
[9.685350] (inspection_bot_nav) StdoutLine: {'line': b'running egg_info\n'}
[9.687559] (inspection_bot_nav) StdoutLine: {'line': b'creating ../build/inspection_bot_nav/inspection_bot_nav.egg-info\n'}
[9.691400] (inspection_bot_nav) StdoutLine: {'line': b'writing ../build/inspection_bot_nav/inspection_bot_nav.egg-info/PKG-INFO\n'}
[9.700400] (inspection_bot_vision) StdoutLine: {'line': b"writing manifest file '../build/inspection_bot_vision/inspection_bot_vision.egg-info/SOURCES.txt'\n"}
[9.703407] (inspection_bot_nav) StdoutLine: {'line': b'writing dependency_links to ../build/inspection_bot_nav/inspection_bot_nav.egg-info/dependency_links.txt\n'}
[9.705326] (inspection_bot_nav) StdoutLine: {'line': b'writing entry points to ../build/inspection_bot_nav/inspection_bot_nav.egg-info/entry_points.txt\n'}
[9.709327] (inspection_bot_nav) StdoutLine: {'line': b'writing requirements to ../build/inspection_bot_nav/inspection_bot_nav.egg-info/requires.txt\n'}
[9.712049] (inspection_bot_nav) StdoutLine: {'line': b'writing top-level names to ../build/inspection_bot_nav/inspection_bot_nav.egg-info/top_level.txt\n'}
[9.717191] (inspection_bot_nav) StdoutLine: {'line': b"writing manifest file '../build/inspection_bot_nav/inspection_bot_nav.egg-info/SOURCES.txt'\n"}
[9.760289] (-) TimerEvent: {}
[9.780305] (inspection_bot_vision) StdoutLine: {'line': b"reading manifest file '../build/inspection_bot_vision/inspection_bot_vision.egg-info/SOURCES.txt'\n"}
[9.789365] (inspection_bot_vision) StdoutLine: {'line': b"writing manifest file '../build/inspection_bot_vision/inspection_bot_vision.egg-info/SOURCES.txt'\n"}
[9.794730] (inspection_bot_vision) StdoutLine: {'line': b'running build\n'}
[9.798119] (inspection_bot_vision) StdoutLine: {'line': b'running build_py\n'}
[9.802331] (inspection_bot_vision) StdoutLine: {'line': b'creating /media/sf_inspection_bot_ws/src/build/inspection_bot_vision/build\n'}
[9.806992] (inspection_bot_vision) StdoutLine: {'line': b'creating /media/sf_inspection_bot_ws/src/build/inspection_bot_vision/build/lib\n'}
[9.809844] (inspection_bot_vision) StdoutLine: {'line': b'creating /media/sf_inspection_bot_ws/src/build/inspection_bot_vision/build/lib/inspection_bot_vision\n'}
[9.812134] (inspection_bot_vision) StdoutLine: {'line': b'copying inspection_bot_vision/anomaly_detector.py -> /media/sf_inspection_bot_ws/src/build/inspection_bot_vision/build/lib/inspection_bot_vision\n'}
[9.815258] (inspection_bot_nav) StdoutLine: {'line': b"reading manifest file '../build/inspection_bot_nav/inspection_bot_nav.egg-info/SOURCES.txt'\n"}
[9.820736] (inspection_bot_nav) StdoutLine: {'line': b"writing manifest file '../build/inspection_bot_nav/inspection_bot_nav.egg-info/SOURCES.txt'\n"}
[9.822561] (inspection_bot_vision) StdoutLine: {'line': b'copying inspection_bot_vision/detectors.py -> /media/sf_inspection_bot_ws/src/build/inspection_bot_vision/build/lib/inspection_bot_vision\n'}
[9.826805] (inspection_bot_nav) StdoutLine: {'line': b'running build\n'}
[9.829698] (inspection_bot_nav) StdoutLine: {'line': b'running build_py\n'}
[9.831061] (inspection_bot_nav) StdoutLine: {'line': b'creating /media/sf_inspection_bot_ws/src/build/inspection_bot_nav/build\n'}
[9.834649] (inspection_bot_nav) StdoutLine: {'line': b'creating /media/sf_inspection_bot_ws/src/build/inspection_bot_nav/build/lib\n'}
[9.836316] (inspection_bot_vision) StdoutLine: {'line': b'copying inspection_bot_vision/__init__.py -> /media/sf_inspection_bot_ws/src/build/inspection_bot_vision/build/lib/inspection_bot_vision\n'}
[9.839178] (inspection_bot_nav) StdoutLine: {'line': b'creating /media/sf_inspection_bot_ws/src/build/inspection_bot_nav/build/lib/inspection_bot_nav\n'}
[9.842860] (inspection_bot_nav) StdoutLine: {'line': b'copying inspection_bot_nav/inspection_commander.py -> /media/sf_inspection_bot_ws/src/build/inspection_bot_nav/build/lib/inspection_bot_nav\n'}
[9.852503] (inspection_bot_vision) StdoutLine: {'line': b'running install\n'}
[9.855338] (inspection_bot_nav) StdoutLine: {'line': b'copying inspection_bot_nav/tsp_planner.py -> /media/sf_inspection_bot_ws/src/build/inspection_bot_nav/build/lib/inspection_bot_nav\n'}
[9.861207] (-) TimerEvent: {}
[9.870300] (inspection_bot_vision) StdoutLine: {'line': b'running install_lib\n'}
[9.873826] (inspection_bot_nav) StdoutLine: {'line': b'copying inspection_bot_nav/__init__.py -> /media/sf_inspection_bot_ws/src/build/inspection_bot_nav/build/lib/inspection_bot_nav\n'}
[9.881918] (inspection_bot_vision) StdoutLine: {'line': b'creating /media/sf_inspection_bot_ws/src/install/inspection_bot_vision/lib/python3.8/site-packages/inspection_bot_vision\n'}
[9.887229] (inspection_bot_nav) StdoutLine: {'line': b'running install\n'}
[9.891224] (inspection_bot_vision) StdoutLine: {'line': b'copying /media/sf_inspection_bot_ws/src/build/inspection_bot_vision/build/lib/inspection_bot_vision/anomaly_detector.py -> /media/sf_inspection_bot_ws/src/install/inspection_bot_vision/lib/python3.8/site-packages/inspection_bot_vision\n'}
[9.894509] (inspection_bot_nav) StdoutLine: {'line': b'running install_lib\n'}
[9.900778] (inspection_bot_nav) StdoutLine: {'line': b'creating /media/sf_inspection_bot_ws/src/install/inspection_bot_nav/lib/python3.8/site-packages/inspection_bot_nav\n'}
[9.902421] (inspection_bot_vision) StdoutLine: {'line': b'copying /media/sf_inspection_bot_ws/src/build/inspection_bot_vision/build/lib/inspection_bot_vision/detectors.py -> /media/sf_inspection_bot_ws/src/install/inspection_bot_vision/lib/python3.8/site-packages/inspection_bot_vision\n'}
[9.903671] (inspection_bot_nav) StdoutLine: {'line': b'copying /media/sf_inspection_bot_ws/src/build/inspection_bot_nav/build/lib/inspection_bot_nav/inspection_commander.py -> /media/sf_inspection_bot_ws/src/install/inspection_bot_nav/lib/python3.8/site-packages/inspection_bot_nav\n'}
[9.913788] (inspection_bot_vision) StdoutLine: {'line': b'copying /media/sf_inspection_bot_ws/src/build/inspection_bot_vision/build/lib/inspection_bot_vision/__init__.py -> /media/sf_inspection_bot_ws/src/install/inspection_bot_vision/lib/python3.8/site-packages/inspection_bot_vision\n'}
[9.916726] (inspection_bot_nav) StdoutLine: {'line': b'copying /media/sf_inspection_bot_ws/src/build/inspection_bot_nav/build/lib/inspection_bot_nav/tsp_planner.py -> /media/sf_inspection_bot_ws/src/install/inspection_bot_nav/lib/python3.8/site-packages/inspection_bot_nav\n'}
[9.925584] (inspection_bot_vision) StdoutLine: {'line': b'byte-compiling /media/sf_inspection_bot_ws/src/install/inspection_bot_vision/lib/python3.8/site-packages/inspection_bot_vision/anomaly_detector.py to anomaly_detector.cpython-38.pyc\n'}
[9.933978] (inspection_bot_nav) StdoutLine: {'line': b'copying /media/sf_inspection_bot_ws/src/build/inspection_bot_nav/build/lib/inspection_bot_nav/__init__.py -> /media/sf_inspection_bot_ws/src/install/inspection_bot_nav/lib/python3.8/site-packages/inspection_bot_nav\n'}
[9.939060] (inspection_bot_vision) StdoutLine: {'line': b'byte-compiling /media/sf_inspection_bot_ws/src/install/inspection_bot_vision/lib/python3.8/site-packages/inspection_bot_vision/detectors.py to detectors.cpython-38.pyc\n'}
[9.947769] (inspection_bot_nav) StdoutLine: {'line': b'byte-compiling /media/sf_inspection_bot_ws/src/install/inspection_bot_nav/lib/python3.8/site-packages/inspection_bot_nav/inspection_commander.py to inspection_commander.cpython-38.pyc\n'}
[9.952920] (inspection_bot_vision) StdoutLine: {'line': b'byte-compiling /media/sf_inspection_bot_ws/src/install/inspection_bot_vision/lib/python3.8/site-packages/inspection_bot_vision/__init__.py to __init__.cpython-38.pyc\n'}
[9.961634] (-) TimerEvent: {}
[9.963189] (inspection_bot_vision) StdoutLine: {'line': b'running install_data\n'}
[9.969766] (inspection_bot_nav) StdoutLine: {'line': b'byte-compiling /media/sf_inspection_bot_ws/src/install/inspection_bot_nav/lib/python3.8/site-packages/inspection_bot_nav/tsp_planner.py to tsp_planner.cpython-38.pyc\n'}
[9.973744] (inspection_bot_vision) StdoutLine: {'line': b'creating /media/sf_inspection_bot_ws/src/install/inspection_bot_vision/share/ament_index\n'}
[9.977863] (inspection_bot_vision) StdoutLine: {'line': b'creating /media/sf_inspection_bot_ws/src/install/inspection_bot_vision/share/ament_index/resource_index\n'}
[9.980718] (inspection_bot_vision) StdoutLine: {'line': b'creating /media/sf_inspection_bot_ws/src/install/inspection_bot_vision/share/ament_index/resource_index/packages\n'}
[9.988052] (inspection_bot_nav) StdoutLine: {'line': b'byte-compiling /media/sf_inspection_bot_ws/src/install/inspection_bot_nav/lib/python3.8/site-packages/inspection_bot_nav/__init__.py to __init__.cpython-38.pyc\n'}
[9.991090] (inspection_bot_vision) StdoutLine: {'line': b'copying resource/inspection_bot_vision -> /media/sf_inspection_bot_ws/src/install/inspection_bot_vision/share/ament_index/resource_index/packages\n'}
[9.995989] (inspection_bot_nav) StdoutLine: {'line': b'running install_data\n'}
[9.999487] (inspection_bot_nav) StdoutLine: {'line': b'creating /media/sf_inspection_bot_ws/src/install/inspection_bot_nav/share/ament_index\n'}
[10.001382] (inspection_bot_nav) StdoutLine: {'line': b'creating /media/sf_inspection_bot_ws/src/install/inspection_bot_nav/share/ament_index/resource_index\n'}
[10.003128] (inspection_bot_nav) StdoutLine: {'line': b'creating /media/sf_inspection_bot_ws/src/install/inspection_bot_nav/share/ament_index/resource_index/packages\n'}
[10.005256] (inspection_bot_nav) StdoutLine: {'line': b'copying resource/inspection_bot_nav -> /media/sf_inspection_bot_ws/src/install/inspection_bot_nav/share/ament_index/resource_index/packages\n'}
[10.008120] (inspection_bot_vision) StdoutLine: {'line': b'copying package.xml -> /media/sf_inspection_bot_ws/src/install/inspection_bot_vision/share/inspection_bot_vision\n'}
[10.015521] (inspection_bot_nav) StdoutLine: {'line': b'copying package.xml -> /media/sf_inspection_bot_ws/src/install/inspection_bot_nav/share/inspection_bot_nav\n'}
[10.022836] (inspection_bot_vision) StdoutLine: {'line': b'running install_egg_info\n'}
[10.024622] (inspection_bot_nav) StdoutLine: {'line': b'creating /media/sf_inspection_bot_ws/src/install/inspection_bot_nav/share/inspection_bot_nav/config\n'}
[10.027270] (inspection_bot_nav) StdoutLine: {'line': b'copying config/inspection_points.yaml -> /media/sf_inspection_bot_ws/src/install/inspection_bot_nav/share/inspection_bot_nav/config\n'}
[10.030785] (inspection_bot_vision) StdoutLine: {'line': b'Copying ../build/inspection_bot_vision/inspection_bot_vision.egg-info to /media/sf_inspection_bot_ws/src/install/inspection_bot_vision/lib/python3.8/site-packages/inspection_bot_vision-0.1.0-py3.8.egg-info\n'}
[10.037781] (inspection_bot_nav) StdoutLine: {'line': b'copying config/nav2_params.yaml -> /media/sf_inspection_bot_ws/src/install/inspection_bot_nav/share/inspection_bot_nav/config\n'}
[10.050296] (inspection_bot_nav) StdoutLine: {'line': b'copying config/slam_toolbox_params.yaml -> /media/sf_inspection_bot_ws/src/install/inspection_bot_nav/share/inspection_bot_nav/config\n'}
[10.060355] (inspection_bot_nav) StdoutLine: {'line': b'running install_egg_info\n'}
[10.063030] (-) TimerEvent: {}
[10.069702] (inspection_bot_nav) StdoutLine: {'line': b'Copying ../build/inspection_bot_nav/inspection_bot_nav.egg-info to /media/sf_inspection_bot_ws/src/install/inspection_bot_nav/lib/python3.8/site-packages/inspection_bot_nav-0.1.0-py3.8.egg-info\n'}
[10.127632] (inspection_bot_vision) StdoutLine: {'line': b'running install_scripts\n'}
[10.155513] (inspection_bot_nav) StdoutLine: {'line': b'running install_scripts\n'}
[10.163295] (-) TimerEvent: {}
[10.170187] (inspection_bot_vision) StdoutLine: {'line': b'Installing anomaly_detector script to /media/sf_inspection_bot_ws/src/install/inspection_bot_vision/lib/inspection_bot_vision\n'}
[10.186144] (inspection_bot_vision) StdoutLine: {'line': b"writing list of installed files to '/media/sf_inspection_bot_ws/src/build/inspection_bot_vision/install.log'\n"}
[10.195189] (inspection_bot_nav) StdoutLine: {'line': b'Installing inspection_commander script to /media/sf_inspection_bot_ws/src/install/inspection_bot_nav/lib/inspection_bot_nav\n'}
[10.206567] (inspection_bot_nav) StdoutLine: {'line': b'Installing tsp_planner script to /media/sf_inspection_bot_ws/src/install/inspection_bot_nav/lib/inspection_bot_nav\n'}
[10.216763] (inspection_bot_nav) StdoutLine: {'line': b"writing list of installed files to '/media/sf_inspection_bot_ws/src/build/inspection_bot_nav/install.log'\n"}
[10.236629] (inspection_bot_vision) CommandEnded: {'returncode': 0}
[10.263494] (-) TimerEvent: {}
[10.364251] (-) TimerEvent: {}
[10.370454] (inspection_bot_vision) JobEnded: {'identifier': 'inspection_bot_vision', 'rc': 0}
[10.383338] (inspection_bot_nav) CommandEnded: {'returncode': 0}
[10.465485] (-) TimerEvent: {}
[10.530322] (inspection_bot_nav) JobEnded: {'identifier': 'inspection_bot_nav', 'rc': 0}
[10.542657] (inspection_bot_bringup) JobStarted: {'identifier': 'inspection_bot_bringup'}
[10.565846] (-) TimerEvent: {}
[10.636413] (inspection_bot_bringup) JobProgress: {'identifier': 'inspection_bot_bringup', 'progress': 'cmake'}
[10.660128] (inspection_bot_bringup) Command: {'cmd': ['/usr/bin/cmake', '/media/sf_inspection_bot_ws/src/inspection_bot_bringup', '-DCMAKE_INSTALL_PREFIX=/media/sf_inspection_bot_ws/src/install/inspection_bot_bringup'], 'cwd': '/media/sf_inspection_bot_ws/src/build/inspection_bot_bringup', 'env': OrderedDict([('GJS_DEBUG_TOPICS', 'JS ERROR;JS LOG'), ('LESSOPEN', '| /usr/bin/lesspipe %s'), ('PYTHONWARNINGS', 'ignore:::setuptools.command.install'), ('USER', 'achraf'), ('FONTCONFIG_PATH', '/etc/fonts'), ('GIO_MODULE_DIR', '/home/achraf/snap/code/common/.cache/gio-modules'), ('SSH_AGENT_PID', '1523'), ('XDG_SESSION_TYPE', 'x11'), ('GTK_EXE_PREFIX_VSCODE_SNAP_ORIG', ''), ('GDK_BACKEND_VSCODE_SNAP_ORIG', ''), ('SHLVL', '1'), ('LD_LIBRARY_PATH', '/media/sf_inspection_bot_ws/src/install/inspection_bot_msgs/lib:/opt/ros/foxy/opt/yaml_cpp_vendor/lib:/opt/ros/foxy/opt/rviz_ogre_vendor/lib:/opt/ros/foxy/lib/x86_64-linux-gnu:/opt/ros/foxy/lib'), ('HOME', '/home/achraf'), ('CHROME_DESKTOP', 'code.desktop'), ('LOCPATH_VSCODE_SNAP_ORIG', ''), ('TERM_PROGRAM_VERSION', '1.120.0'), ('DESKTOP_SESSION', 'ubuntu'), ('GTK_PATH', '/snap/code/240/usr/lib/x86_64-linux-gnu/gtk-3.0'), ('XDG_DATA_HOME_VSCODE_SNAP_ORIG', ''), ('GTK_IM_MODULE_FILE', '/home/achraf/snap/code/common/.cache/immodules/immodules.cache'), ('GIO_LAUNCHED_DESKTOP_FILE', '/var/lib/snapd/desktop/applications/code_code.desktop'), ('ROS_PYTHON_VERSION', '3'), ('GNOME_SHELL_SESSION_MODE', 'ubuntu'), ('GTK_MODULES', 'gail:atk-bridge'), ('GSETTINGS_SCHEMA_DIR_VSCODE_SNAP_ORIG', ''), ('MANAGERPID', '1392'), ('VSCODE_PYTHON_AUTOACTIVATE_GUARD', '1'), ('DBUS_SESSION_BUS_ADDRESS', 'unix:path=/run/user/1000/bus'), ('COLORTERM', 'truecolor'), ('GIO_LAUNCHED_DESKTOP_FILE_PID', '2088'), ('IM_CONFIG_PHASE', '1'), ('ROS_DISTRO', 'foxy'), ('LOGNAME', 'achraf'), ('JOURNAL_STREAM', '8:33737'), ('_', '/usr/bin/colcon'), ('ROS_VERSION', '2'), ('XDG_CONFIG_DIRS_VSCODE_SNAP_ORIG', '/etc/xdg/xdg-ubuntu:/etc/xdg'), ('XDG_SESSION_CLASS', 'user'), ('XDG_DATA_DIRS_VSCODE_SNAP_ORIG', '/usr/share/ubuntu:/usr/local/share/:/usr/share/:/var/lib/snapd/desktop'), ('USERNAME', 'achraf'), ('TERM', 'xterm-256color'), ('GNOME_DESKTOP_SESSION_ID', 'this-is-deprecated'), ('FC_FONTATIONS', '1'), ('ROS_LOCALHOST_ONLY', '0'), ('WINDOWPATH', '2'), ('PATH', '/opt/ros/foxy/bin:/usr/local/sbin:/usr/local/bin:/usr/sbin:/usr/bin:/sbin:/bin:/usr/games:/usr/local/games:/snap/bin'), ('SESSION_MANAGER', 'local/achraf-VirtualBox:@/tmp/.ICE-unix/1576,unix/achraf-VirtualBox:/tmp/.ICE-unix/1576'), ('GTK_EXE_PREFIX', '/snap/code/240/usr'), ('INVOCATION_ID', '9baff032738f4ee2ba5bac680b175c15'), ('XDG_MENU_PREFIX', 'gnome-'), ('XDG_RUNTIME_DIR', '/run/user/1000'), ('GDK_BACKEND', 'x11'), ('DISPLAY', ':0'), ('LOCPATH', '/snap/code/240/usr/lib/locale'), ('LANG', 'en_US.UTF-8'), ('XDG_CURRENT_DESKTOP', 'ubuntu:GNOME'), ('GIO_MODULE_DIR_VSCODE_SNAP_ORIG', ''), ('XDG_DATA_HOME', '/home/achraf/snap/code/240/.local/share'), ('XMODIFIERS', '@im=ibus'), ('XDG_SESSION_DESKTOP', 'ubuntu'), ('XAUTHORITY', '/run/user/1000/gdm/Xauthority'), ('LS_COLORS', 'rs=0:di=01;34:ln=01;36:mh=00:pi=40;33:so=01;35:do=01;35:bd=40;33;01:cd=40;33;01:or=40;31;01:mi=00:su=37;41:sg=30;43:ca=30;41:tw=30;42:ow=34;42:st=37;44:ex=01;32:*.tar=01;31:*.tgz=01;31:*.arc=01;31:*.arj=01;31:*.taz=01;31:*.lha=01;31:*.lz4=01;31:*.lzh=01;31:*.lzma=01;31:*.tlz=01;31:*.txz=01;31:*.tzo=01;31:*.t7z=01;31:*.zip=01;31:*.z=01;31:*.dz=01;31:*.gz=01;31:*.lrz=01;31:*.lz=01;31:*.lzo=01;31:*.xz=01;31:*.zst=01;31:*.tzst=01;31:*.bz2=01;31:*.bz=01;31:*.tbz=01;31:*.tbz2=01;31:*.tz=01;31:*.deb=01;31:*.rpm=01;31:*.jar=01;31:*.war=01;31:*.ear=01;31:*.sar=01;31:*.rar=01;31:*.alz=01;31:*.ace=01;31:*.zoo=01;31:*.cpio=01;31:*.7z=01;31:*.rz=01;31:*.cab=01;31:*.wim=01;31:*.swm=01;31:*.dwm=01;31:*.esd=01;31:*.jpg=01;35:*.jpeg=01;35:*.mjpg=01;35:*.mjpeg=01;35:*.gif=01;35:*.bmp=01;35:*.pbm=01;35:*.pgm=01;35:*.ppm=01;35:*.tga=01;35:*.xbm=01;35:*.xpm=01;35:*.tif=01;35:*.tiff=01;35:*.png=01;35:*.svg=01;35:*.svgz=01;35:*.mng=01;35:*.pcx=01;35:*.mov=01;35:*.mpg=01;35:*.mpeg=01;35:*.m2v=01;35:*.mkv=01;35:*.webm=01;35:*.ogm=01;35:*.mp4=01;35:*.m4v=01;35:*.mp4v=01;35:*.vob=01;35:*.qt=01;35:*.nuv=01;35:*.wmv=01;35:*.asf=01;35:*.rm=01;35:*.rmvb=01;35:*.flc=01;35:*.avi=01;35:*.fli=01;35:*.flv=01;35:*.gl=01;35:*.dl=01;35:*.xcf=01;35:*.xwd=01;35:*.yuv=01;35:*.cgm=01;35:*.emf=01;35:*.ogv=01;35:*.ogx=01;35:*.aac=00;36:*.au=00;36:*.flac=00;36:*.m4a=00;36:*.mid=00;36:*.midi=00;36:*.mka=00;36:*.mp3=00;36:*.mpc=00;36:*.ogg=00;36:*.ra=00;36:*.wav=00;36:*.oga=00;36:*.opus=00;36:*.spx=00;36:*.xspf=00;36:'), ('TERM_PROGRAM', 'vscode'), ('SSH_AUTH_SOCK', '/run/user/1000/keyring/ssh'), ('GSETTINGS_SCHEMA_DIR', '/home/achraf/snap/code/240/.local/share/glib-2.0/schemas'), ('AMENT_PREFIX_PATH', '/media/sf_inspection_bot_ws/src/install/inspection_bot_vision:/media/sf_inspection_bot_ws/src/install/inspection_bot_nav:/media/sf_inspection_bot_ws/src/install/inspection_bot_msgs:/media/sf_inspection_bot_ws/src/install/inspection_bot_description:/opt/ros/foxy'), ('SHELL', '/bin/bash'), ('QT_ACCESSIBILITY', '1'), ('GDMSESSION', 'ubuntu'), ('LESSCLOSE', '/usr/bin/lesspipe %s %s'), ('GTK_PATH_VSCODE_SNAP_ORIG', ''), ('FONTCONFIG_FILE', '/etc/fonts/fonts.conf'), ('GTK_IM_MODULE_FILE_VSCODE_SNAP_ORIG', ''), ('GPG_AGENT_INFO', '/run/user/1000/gnupg/S.gpg-agent:0:1'), ('GJS_DEBUG_OUTPUT', 'stderr'), ('QT_IM_MODULE', 'ibus'), ('PWD', '/media/sf_inspection_bot_ws/src/build/inspection_bot_bringup'), ('XDG_CONFIG_DIRS', '/etc/xdg/xdg-ubuntu:/etc/xdg'), ('XDG_DATA_DIRS', '/home/achraf/snap/code/240/.local/share:/home/achraf/snap/code/240:/snap/code/240/usr/share:/usr/share/ubuntu:/usr/local/share/:/usr/share/:/var/lib/snapd/desktop'), ('PYTHONPATH', '/media/sf_inspection_bot_ws/src/install/inspection_bot_vision/lib/python3.8/site-packages:/media/sf_inspection_bot_ws/src/install/inspection_bot_nav/lib/python3.8/site-packages:/media/sf_inspection_bot_ws/src/install/inspection_bot_msgs/lib/python3.8/site-packages:/opt/ros/foxy/lib/python3.8/site-packages'), ('COLCON', '1'), ('CMAKE_PREFIX_PATH', '/media/sf_inspection_bot_ws/src/install/inspection_bot_msgs:/media/sf_inspection_bot_ws/src/install/inspection_bot_description:/opt/ros/foxy')]), 'shell': False}
[10.688512] (-) TimerEvent: {}
[10.791396] (-) TimerEvent: {}
[10.895206] (-) TimerEvent: {}
[10.996725] (-) TimerEvent: {}
[11.035439] (inspection_bot_bringup) StdoutLine: {'line': b'-- The C compiler identification is GNU 9.4.0\n'}
[11.097178] (-) TimerEvent: {}
[11.199938] (-) TimerEvent: {}
[11.265098] (inspection_bot_bringup) StdoutLine: {'line': b'-- The CXX compiler identification is GNU 9.4.0\n'}
[11.300273] (-) TimerEvent: {}
[11.301661] (inspection_bot_bringup) StdoutLine: {'line': b'-- Check for working C compiler: /usr/bin/cc\n'}
[11.401051] (-) TimerEvent: {}
[11.502159] (-) TimerEvent: {}
[11.604092] (-) TimerEvent: {}
[11.704931] (-) TimerEvent: {}
[11.772010] (inspection_bot_bringup) StdoutLine: {'line': b'-- Check for working C compiler: /usr/bin/cc -- works\n'}
[11.776969] (inspection_bot_bringup) StdoutLine: {'line': b'-- Detecting C compiler ABI info\n'}
[11.805229] (-) TimerEvent: {}
[11.906239] (-) TimerEvent: {}
[12.007307] (-) TimerEvent: {}
[12.108962] (-) TimerEvent: {}
[12.209917] (-) TimerEvent: {}
[12.292144] (inspection_bot_bringup) StdoutLine: {'line': b'-- Detecting C compiler ABI info - done\n'}
[12.310518] (-) TimerEvent: {}
[12.319014] (inspection_bot_bringup) StdoutLine: {'line': b'-- Detecting C compile features\n'}
[12.323361] (inspection_bot_bringup) StdoutLine: {'line': b'-- Detecting C compile features - done\n'}
[12.356658] (inspection_bot_bringup) StdoutLine: {'line': b'-- Check for working CXX compiler: /usr/bin/c++\n'}
[12.410677] (-) TimerEvent: {}
[12.511744] (-) TimerEvent: {}
[12.612577] (-) TimerEvent: {}
[12.713795] (-) TimerEvent: {}
[12.815575] (-) TimerEvent: {}
[12.854572] (inspection_bot_bringup) StdoutLine: {'line': b'-- Check for working CXX compiler: /usr/bin/c++ -- works\n'}
[12.860730] (inspection_bot_bringup) StdoutLine: {'line': b'-- Detecting CXX compiler ABI info\n'}
[12.915782] (-) TimerEvent: {}
[13.017143] (-) TimerEvent: {}
[13.117949] (-) TimerEvent: {}
[13.220355] (-) TimerEvent: {}
[13.321398] (-) TimerEvent: {}
[13.342003] (inspection_bot_bringup) StdoutLine: {'line': b'-- Detecting CXX compiler ABI info - done\n'}
[13.383892] (inspection_bot_bringup) StdoutLine: {'line': b'-- Detecting CXX compile features\n'}
[13.385804] (inspection_bot_bringup) StdoutLine: {'line': b'-- Detecting CXX compile features - done\n'}
[13.421796] (-) TimerEvent: {}
[13.455481] (inspection_bot_bringup) StdoutLine: {'line': b'-- Found ament_cmake: 0.9.12 (/opt/ros/foxy/share/ament_cmake/cmake)\n'}
[13.522665] (-) TimerEvent: {}
[13.608511] (inspection_bot_bringup) StdoutLine: {'line': b'-- Found PythonInterp: /usr/bin/python3 (found suitable version "3.8.10", minimum required is "3") \n'}
[13.611169] (inspection_bot_bringup) StdoutLine: {'line': b'-- Using PYTHON_EXECUTABLE: /usr/bin/python3\n'}
[13.623934] (-) TimerEvent: {}
[13.727081] (-) TimerEvent: {}
[13.830693] (-) TimerEvent: {}
[13.936132] (-) TimerEvent: {}
[14.037911] (-) TimerEvent: {}
[14.139715] (-) TimerEvent: {}
[14.240558] (-) TimerEvent: {}
[14.341898] (-) TimerEvent: {}
[14.443591] (-) TimerEvent: {}
[14.544795] (-) TimerEvent: {}
[14.617541] (inspection_bot_bringup) StdoutLine: {'line': b'-- Configuring done\n'}
[14.645359] (-) TimerEvent: {}
[14.742033] (inspection_bot_bringup) StdoutLine: {'line': b'-- Generating done\n'}
[14.745584] (-) TimerEvent: {}
[14.835520] (inspection_bot_bringup) StdoutLine: {'line': b'-- Build files have been written to: /media/sf_inspection_bot_ws/src/build/inspection_bot_bringup\n'}
[14.844333] (inspection_bot_bringup) CommandEnded: {'returncode': 0}
[14.849382] (-) TimerEvent: {}
[14.850260] (inspection_bot_bringup) JobProgress: {'identifier': 'inspection_bot_bringup', 'progress': 'build'}
[14.853991] (inspection_bot_bringup) Command: {'cmd': ['/usr/bin/cmake', '--build', '/media/sf_inspection_bot_ws/src/build/inspection_bot_bringup', '--', '-j3', '-l3'], 'cwd': '/media/sf_inspection_bot_ws/src/build/inspection_bot_bringup', 'env': OrderedDict([('GJS_DEBUG_TOPICS', 'JS ERROR;JS LOG'), ('LESSOPEN', '| /usr/bin/lesspipe %s'), ('PYTHONWARNINGS', 'ignore:::setuptools.command.install'), ('USER', 'achraf'), ('FONTCONFIG_PATH', '/etc/fonts'), ('GIO_MODULE_DIR', '/home/achraf/snap/code/common/.cache/gio-modules'), ('SSH_AGENT_PID', '1523'), ('XDG_SESSION_TYPE', 'x11'), ('GTK_EXE_PREFIX_VSCODE_SNAP_ORIG', ''), ('GDK_BACKEND_VSCODE_SNAP_ORIG', ''), ('SHLVL', '1'), ('LD_LIBRARY_PATH', '/media/sf_inspection_bot_ws/src/install/inspection_bot_msgs/lib:/opt/ros/foxy/opt/yaml_cpp_vendor/lib:/opt/ros/foxy/opt/rviz_ogre_vendor/lib:/opt/ros/foxy/lib/x86_64-linux-gnu:/opt/ros/foxy/lib'), ('HOME', '/home/achraf'), ('CHROME_DESKTOP', 'code.desktop'), ('LOCPATH_VSCODE_SNAP_ORIG', ''), ('TERM_PROGRAM_VERSION', '1.120.0'), ('DESKTOP_SESSION', 'ubuntu'), ('GTK_PATH', '/snap/code/240/usr/lib/x86_64-linux-gnu/gtk-3.0'), ('XDG_DATA_HOME_VSCODE_SNAP_ORIG', ''), ('GTK_IM_MODULE_FILE', '/home/achraf/snap/code/common/.cache/immodules/immodules.cache'), ('GIO_LAUNCHED_DESKTOP_FILE', '/var/lib/snapd/desktop/applications/code_code.desktop'), ('ROS_PYTHON_VERSION', '3'), ('GNOME_SHELL_SESSION_MODE', 'ubuntu'), ('GTK_MODULES', 'gail:atk-bridge'), ('GSETTINGS_SCHEMA_DIR_VSCODE_SNAP_ORIG', ''), ('MANAGERPID', '1392'), ('VSCODE_PYTHON_AUTOACTIVATE_GUARD', '1'), ('DBUS_SESSION_BUS_ADDRESS', 'unix:path=/run/user/1000/bus'), ('COLORTERM', 'truecolor'), ('GIO_LAUNCHED_DESKTOP_FILE_PID', '2088'), ('IM_CONFIG_PHASE', '1'), ('ROS_DISTRO', 'foxy'), ('LOGNAME', 'achraf'), ('JOURNAL_STREAM', '8:33737'), ('_', '/usr/bin/colcon'), ('ROS_VERSION', '2'), ('XDG_CONFIG_DIRS_VSCODE_SNAP_ORIG', '/etc/xdg/xdg-ubuntu:/etc/xdg'), ('XDG_SESSION_CLASS', 'user'), ('XDG_DATA_DIRS_VSCODE_SNAP_ORIG', '/usr/share/ubuntu:/usr/local/share/:/usr/share/:/var/lib/snapd/desktop'), ('USERNAME', 'achraf'), ('TERM', 'xterm-256color'), ('GNOME_DESKTOP_SESSION_ID', 'this-is-deprecated'), ('FC_FONTATIONS', '1'), ('ROS_LOCALHOST_ONLY', '0'), ('WINDOWPATH', '2'), ('PATH', '/opt/ros/foxy/bin:/usr/local/sbin:/usr/local/bin:/usr/sbin:/usr/bin:/sbin:/bin:/usr/games:/usr/local/games:/snap/bin'), ('SESSION_MANAGER', 'local/achraf-VirtualBox:@/tmp/.ICE-unix/1576,unix/achraf-VirtualBox:/tmp/.ICE-unix/1576'), ('GTK_EXE_PREFIX', '/snap/code/240/usr'), ('INVOCATION_ID', '9baff032738f4ee2ba5bac680b175c15'), ('XDG_MENU_PREFIX', 'gnome-'), ('XDG_RUNTIME_DIR', '/run/user/1000'), ('GDK_BACKEND', 'x11'), ('DISPLAY', ':0'), ('LOCPATH', '/snap/code/240/usr/lib/locale'), ('LANG', 'en_US.UTF-8'), ('XDG_CURRENT_DESKTOP', 'ubuntu:GNOME'), ('GIO_MODULE_DIR_VSCODE_SNAP_ORIG', ''), ('XDG_DATA_HOME', '/home/achraf/snap/code/240/.local/share'), ('XMODIFIERS', '@im=ibus'), ('XDG_SESSION_DESKTOP', 'ubuntu'), ('XAUTHORITY', '/run/user/1000/gdm/Xauthority'), ('LS_COLORS', 'rs=0:di=01;34:ln=01;36:mh=00:pi=40;33:so=01;35:do=01;35:bd=40;33;01:cd=40;33;01:or=40;31;01:mi=00:su=37;41:sg=30;43:ca=30;41:tw=30;42:ow=34;42:st=37;44:ex=01;32:*.tar=01;31:*.tgz=01;31:*.arc=01;31:*.arj=01;31:*.taz=01;31:*.lha=01;31:*.lz4=01;31:*.lzh=01;31:*.lzma=01;31:*.tlz=01;31:*.txz=01;31:*.tzo=01;31:*.t7z=01;31:*.zip=01;31:*.z=01;31:*.dz=01;31:*.gz=01;31:*.lrz=01;31:*.lz=01;31:*.lzo=01;31:*.xz=01;31:*.zst=01;31:*.tzst=01;31:*.bz2=01;31:*.bz=01;31:*.tbz=01;31:*.tbz2=01;31:*.tz=01;31:*.deb=01;31:*.rpm=01;31:*.jar=01;31:*.war=01;31:*.ear=01;31:*.sar=01;31:*.rar=01;31:*.alz=01;31:*.ace=01;31:*.zoo=01;31:*.cpio=01;31:*.7z=01;31:*.rz=01;31:*.cab=01;31:*.wim=01;31:*.swm=01;31:*.dwm=01;31:*.esd=01;31:*.jpg=01;35:*.jpeg=01;35:*.mjpg=01;35:*.mjpeg=01;35:*.gif=01;35:*.bmp=01;35:*.pbm=01;35:*.pgm=01;35:*.ppm=01;35:*.tga=01;35:*.xbm=01;35:*.xpm=01;35:*.tif=01;35:*.tiff=01;35:*.png=01;35:*.svg=01;35:*.svgz=01;35:*.mng=01;35:*.pcx=01;35:*.mov=01;35:*.mpg=01;35:*.mpeg=01;35:*.m2v=01;35:*.mkv=01;35:*.webm=01;35:*.ogm=01;35:*.mp4=01;35:*.m4v=01;35:*.mp4v=01;35:*.vob=01;35:*.qt=01;35:*.nuv=01;35:*.wmv=01;35:*.asf=01;35:*.rm=01;35:*.rmvb=01;35:*.flc=01;35:*.avi=01;35:*.fli=01;35:*.flv=01;35:*.gl=01;35:*.dl=01;35:*.xcf=01;35:*.xwd=01;35:*.yuv=01;35:*.cgm=01;35:*.emf=01;35:*.ogv=01;35:*.ogx=01;35:*.aac=00;36:*.au=00;36:*.flac=00;36:*.m4a=00;36:*.mid=00;36:*.midi=00;36:*.mka=00;36:*.mp3=00;36:*.mpc=00;36:*.ogg=00;36:*.ra=00;36:*.wav=00;36:*.oga=00;36:*.opus=00;36:*.spx=00;36:*.xspf=00;36:'), ('TERM_PROGRAM', 'vscode'), ('SSH_AUTH_SOCK', '/run/user/1000/keyring/ssh'), ('GSETTINGS_SCHEMA_DIR', '/home/achraf/snap/code/240/.local/share/glib-2.0/schemas'), ('AMENT_PREFIX_PATH', '/media/sf_inspection_bot_ws/src/install/inspection_bot_vision:/media/sf_inspection_bot_ws/src/install/inspection_bot_nav:/media/sf_inspection_bot_ws/src/install/inspection_bot_msgs:/media/sf_inspection_bot_ws/src/install/inspection_bot_description:/opt/ros/foxy'), ('SHELL', '/bin/bash'), ('QT_ACCESSIBILITY', '1'), ('GDMSESSION', 'ubuntu'), ('LESSCLOSE', '/usr/bin/lesspipe %s %s'), ('GTK_PATH_VSCODE_SNAP_ORIG', ''), ('FONTCONFIG_FILE', '/etc/fonts/fonts.conf'), ('GTK_IM_MODULE_FILE_VSCODE_SNAP_ORIG', ''), ('GPG_AGENT_INFO', '/run/user/1000/gnupg/S.gpg-agent:0:1'), ('GJS_DEBUG_OUTPUT', 'stderr'), ('QT_IM_MODULE', 'ibus'), ('PWD', '/media/sf_inspection_bot_ws/src/build/inspection_bot_bringup'), ('XDG_CONFIG_DIRS', '/etc/xdg/xdg-ubuntu:/etc/xdg'), ('XDG_DATA_DIRS', '/home/achraf/snap/code/240/.local/share:/home/achraf/snap/code/240:/snap/code/240/usr/share:/usr/share/ubuntu:/usr/local/share/:/usr/share/:/var/lib/snapd/desktop'), ('PYTHONPATH', '/media/sf_inspection_bot_ws/src/install/inspection_bot_vision/lib/python3.8/site-packages:/media/sf_inspection_bot_ws/src/install/inspection_bot_nav/lib/python3.8/site-packages:/media/sf_inspection_bot_ws/src/install/inspection_bot_msgs/lib/python3.8/site-packages:/opt/ros/foxy/lib/python3.8/site-packages'), ('COLCON', '1'), ('CMAKE_PREFIX_PATH', '/media/sf_inspection_bot_ws/src/install/inspection_bot_msgs:/media/sf_inspection_bot_ws/src/install/inspection_bot_description:/opt/ros/foxy')]), 'shell': False}
[14.949551] (-) TimerEvent: {}
[15.050686] (-) TimerEvent: {}
[15.075494] (inspection_bot_bringup) CommandEnded: {'returncode': 0}
[15.084156] (inspection_bot_bringup) JobProgress: {'identifier': 'inspection_bot_bringup', 'progress': 'install'}
[15.088111] (inspection_bot_bringup) Command: {'cmd': ['/usr/bin/cmake', '--install', '/media/sf_inspection_bot_ws/src/build/inspection_bot_bringup'], 'cwd': '/media/sf_inspection_bot_ws/src/build/inspection_bot_bringup', 'env': OrderedDict([('GJS_DEBUG_TOPICS', 'JS ERROR;JS LOG'), ('LESSOPEN', '| /usr/bin/lesspipe %s'), ('PYTHONWARNINGS', 'ignore:::setuptools.command.install'), ('USER', 'achraf'), ('FONTCONFIG_PATH', '/etc/fonts'), ('GIO_MODULE_DIR', '/home/achraf/snap/code/common/.cache/gio-modules'), ('SSH_AGENT_PID', '1523'), ('XDG_SESSION_TYPE', 'x11'), ('GTK_EXE_PREFIX_VSCODE_SNAP_ORIG', ''), ('GDK_BACKEND_VSCODE_SNAP_ORIG', ''), ('SHLVL', '1'), ('LD_LIBRARY_PATH', '/media/sf_inspection_bot_ws/src/install/inspection_bot_msgs/lib:/opt/ros/foxy/opt/yaml_cpp_vendor/lib:/opt/ros/foxy/opt/rviz_ogre_vendor/lib:/opt/ros/foxy/lib/x86_64-linux-gnu:/opt/ros/foxy/lib'), ('HOME', '/home/achraf'), ('CHROME_DESKTOP', 'code.desktop'), ('LOCPATH_VSCODE_SNAP_ORIG', ''), ('TERM_PROGRAM_VERSION', '1.120.0'), ('DESKTOP_SESSION', 'ubuntu'), ('GTK_PATH', '/snap/code/240/usr/lib/x86_64-linux-gnu/gtk-3.0'), ('XDG_DATA_HOME_VSCODE_SNAP_ORIG', ''), ('GTK_IM_MODULE_FILE', '/home/achraf/snap/code/common/.cache/immodules/immodules.cache'), ('GIO_LAUNCHED_DESKTOP_FILE', '/var/lib/snapd/desktop/applications/code_code.desktop'), ('ROS_PYTHON_VERSION', '3'), ('GNOME_SHELL_SESSION_MODE', 'ubuntu'), ('GTK_MODULES', 'gail:atk-bridge'), ('GSETTINGS_SCHEMA_DIR_VSCODE_SNAP_ORIG', ''), ('MANAGERPID', '1392'), ('VSCODE_PYTHON_AUTOACTIVATE_GUARD', '1'), ('DBUS_SESSION_BUS_ADDRESS', 'unix:path=/run/user/1000/bus'), ('COLORTERM', 'truecolor'), ('GIO_LAUNCHED_DESKTOP_FILE_PID', '2088'), ('IM_CONFIG_PHASE', '1'), ('ROS_DISTRO', 'foxy'), ('LOGNAME', 'achraf'), ('JOURNAL_STREAM', '8:33737'), ('_', '/usr/bin/colcon'), ('ROS_VERSION', '2'), ('XDG_CONFIG_DIRS_VSCODE_SNAP_ORIG', '/etc/xdg/xdg-ubuntu:/etc/xdg'), ('XDG_SESSION_CLASS', 'user'), ('XDG_DATA_DIRS_VSCODE_SNAP_ORIG', '/usr/share/ubuntu:/usr/local/share/:/usr/share/:/var/lib/snapd/desktop'), ('USERNAME', 'achraf'), ('TERM', 'xterm-256color'), ('GNOME_DESKTOP_SESSION_ID', 'this-is-deprecated'), ('FC_FONTATIONS', '1'), ('ROS_LOCALHOST_ONLY', '0'), ('WINDOWPATH', '2'), ('PATH', '/opt/ros/foxy/bin:/usr/local/sbin:/usr/local/bin:/usr/sbin:/usr/bin:/sbin:/bin:/usr/games:/usr/local/games:/snap/bin'), ('SESSION_MANAGER', 'local/achraf-VirtualBox:@/tmp/.ICE-unix/1576,unix/achraf-VirtualBox:/tmp/.ICE-unix/1576'), ('GTK_EXE_PREFIX', '/snap/code/240/usr'), ('INVOCATION_ID', '9baff032738f4ee2ba5bac680b175c15'), ('XDG_MENU_PREFIX', 'gnome-'), ('XDG_RUNTIME_DIR', '/run/user/1000'), ('GDK_BACKEND', 'x11'), ('DISPLAY', ':0'), ('LOCPATH', '/snap/code/240/usr/lib/locale'), ('LANG', 'en_US.UTF-8'), ('XDG_CURRENT_DESKTOP', 'ubuntu:GNOME'), ('GIO_MODULE_DIR_VSCODE_SNAP_ORIG', ''), ('XDG_DATA_HOME', '/home/achraf/snap/code/240/.local/share'), ('XMODIFIERS', '@im=ibus'), ('XDG_SESSION_DESKTOP', 'ubuntu'), ('XAUTHORITY', '/run/user/1000/gdm/Xauthority'), ('LS_COLORS', 'rs=0:di=01;34:ln=01;36:mh=00:pi=40;33:so=01;35:do=01;35:bd=40;33;01:cd=40;33;01:or=40;31;01:mi=00:su=37;41:sg=30;43:ca=30;41:tw=30;42:ow=34;42:st=37;44:ex=01;32:*.tar=01;31:*.tgz=01;31:*.arc=01;31:*.arj=01;31:*.taz=01;31:*.lha=01;31:*.lz4=01;31:*.lzh=01;31:*.lzma=01;31:*.tlz=01;31:*.txz=01;31:*.tzo=01;31:*.t7z=01;31:*.zip=01;31:*.z=01;31:*.dz=01;31:*.gz=01;31:*.lrz=01;31:*.lz=01;31:*.lzo=01;31:*.xz=01;31:*.zst=01;31:*.tzst=01;31:*.bz2=01;31:*.bz=01;31:*.tbz=01;31:*.tbz2=01;31:*.tz=01;31:*.deb=01;31:*.rpm=01;31:*.jar=01;31:*.war=01;31:*.ear=01;31:*.sar=01;31:*.rar=01;31:*.alz=01;31:*.ace=01;31:*.zoo=01;31:*.cpio=01;31:*.7z=01;31:*.rz=01;31:*.cab=01;31:*.wim=01;31:*.swm=01;31:*.dwm=01;31:*.esd=01;31:*.jpg=01;35:*.jpeg=01;35:*.mjpg=01;35:*.mjpeg=01;35:*.gif=01;35:*.bmp=01;35:*.pbm=01;35:*.pgm=01;35:*.ppm=01;35:*.tga=01;35:*.xbm=01;35:*.xpm=01;35:*.tif=01;35:*.tiff=01;35:*.png=01;35:*.svg=01;35:*.svgz=01;35:*.mng=01;35:*.pcx=01;35:*.mov=01;35:*.mpg=01;35:*.mpeg=01;35:*.m2v=01;35:*.mkv=01;35:*.webm=01;35:*.ogm=01;35:*.mp4=01;35:*.m4v=01;35:*.mp4v=01;35:*.vob=01;35:*.qt=01;35:*.nuv=01;35:*.wmv=01;35:*.asf=01;35:*.rm=01;35:*.rmvb=01;35:*.flc=01;35:*.avi=01;35:*.fli=01;35:*.flv=01;35:*.gl=01;35:*.dl=01;35:*.xcf=01;35:*.xwd=01;35:*.yuv=01;35:*.cgm=01;35:*.emf=01;35:*.ogv=01;35:*.ogx=01;35:*.aac=00;36:*.au=00;36:*.flac=00;36:*.m4a=00;36:*.mid=00;36:*.midi=00;36:*.mka=00;36:*.mp3=00;36:*.mpc=00;36:*.ogg=00;36:*.ra=00;36:*.wav=00;36:*.oga=00;36:*.opus=00;36:*.spx=00;36:*.xspf=00;36:'), ('TERM_PROGRAM', 'vscode'), ('SSH_AUTH_SOCK', '/run/user/1000/keyring/ssh'), ('GSETTINGS_SCHEMA_DIR', '/home/achraf/snap/code/240/.local/share/glib-2.0/schemas'), ('AMENT_PREFIX_PATH', '/media/sf_inspection_bot_ws/src/install/inspection_bot_vision:/media/sf_inspection_bot_ws/src/install/inspection_bot_nav:/media/sf_inspection_bot_ws/src/install/inspection_bot_msgs:/media/sf_inspection_bot_ws/src/install/inspection_bot_description:/opt/ros/foxy'), ('SHELL', '/bin/bash'), ('QT_ACCESSIBILITY', '1'), ('GDMSESSION', 'ubuntu'), ('LESSCLOSE', '/usr/bin/lesspipe %s %s'), ('GTK_PATH_VSCODE_SNAP_ORIG', ''), ('FONTCONFIG_FILE', '/etc/fonts/fonts.conf'), ('GTK_IM_MODULE_FILE_VSCODE_SNAP_ORIG', ''), ('GPG_AGENT_INFO', '/run/user/1000/gnupg/S.gpg-agent:0:1'), ('GJS_DEBUG_OUTPUT', 'stderr'), ('QT_IM_MODULE', 'ibus'), ('PWD', '/media/sf_inspection_bot_ws/src/build/inspection_bot_bringup'), ('XDG_CONFIG_DIRS', '/etc/xdg/xdg-ubuntu:/etc/xdg'), ('XDG_DATA_DIRS', '/home/achraf/snap/code/240/.local/share:/home/achraf/snap/code/240:/snap/code/240/usr/share:/usr/share/ubuntu:/usr/local/share/:/usr/share/:/var/lib/snapd/desktop'), ('PYTHONPATH', '/media/sf_inspection_bot_ws/src/install/inspection_bot_vision/lib/python3.8/site-packages:/media/sf_inspection_bot_ws/src/install/inspection_bot_nav/lib/python3.8/site-packages:/media/sf_inspection_bot_ws/src/install/inspection_bot_msgs/lib/python3.8/site-packages:/opt/ros/foxy/lib/python3.8/site-packages'), ('COLCON', '1'), ('CMAKE_PREFIX_PATH', '/media/sf_inspection_bot_ws/src/install/inspection_bot_msgs:/media/sf_inspection_bot_ws/src/install/inspection_bot_description:/opt/ros/foxy')]), 'shell': False}
[15.137330] (inspection_bot_bringup) StdoutLine: {'line': b'-- Install configuration: ""\n'}
[15.142306] (inspection_bot_bringup) StdoutLine: {'line': b'-- Installing: /media/sf_inspection_bot_ws/src/install/inspection_bot_bringup/share/inspection_bot_bringup/launch\n'}
[15.148004] (inspection_bot_bringup) StdoutLine: {'line': b'-- Installing: /media/sf_inspection_bot_ws/src/install/inspection_bot_bringup/share/inspection_bot_bringup/launch/bringup.launch.py\n'}
[15.150875] (-) TimerEvent: {}
[15.166570] (inspection_bot_bringup) StdoutLine: {'line': b'-- Installing: /media/sf_inspection_bot_ws/src/install/inspection_bot_bringup/share/ament_index/resource_index/package_run_dependencies/inspection_bot_bringup\n'}
[15.180329] (inspection_bot_bringup) StdoutLine: {'line': b'-- Installing: /media/sf_inspection_bot_ws/src/install/inspection_bot_bringup/share/ament_index/resource_index/parent_prefix_path/inspection_bot_bringup\n'}
[15.196835] (inspection_bot_bringup) StdoutLine: {'line': b'-- Installing: /media/sf_inspection_bot_ws/src/install/inspection_bot_bringup/share/inspection_bot_bringup/environment/ament_prefix_path.sh\n'}
[15.207814] (inspection_bot_bringup) StdoutLine: {'line': b'-- Installing: /media/sf_inspection_bot_ws/src/install/inspection_bot_bringup/share/inspection_bot_bringup/environment/ament_prefix_path.dsv\n'}
[15.224121] (inspection_bot_bringup) StdoutLine: {'line': b'-- Installing: /media/sf_inspection_bot_ws/src/install/inspection_bot_bringup/share/inspection_bot_bringup/environment/path.sh\n'}
[15.238635] (inspection_bot_bringup) StdoutLine: {'line': b'-- Installing: /media/sf_inspection_bot_ws/src/install/inspection_bot_bringup/share/inspection_bot_bringup/environment/path.dsv\n'}
[15.251001] (inspection_bot_bringup) StdoutLine: {'line': b'-- Installing: /media/sf_inspection_bot_ws/src/install/inspection_bot_bringup/share/inspection_bot_bringup/local_setup.bash\n'}
[15.252809] (-) TimerEvent: {}
[15.263013] (inspection_bot_bringup) StdoutLine: {'line': b'-- Installing: /media/sf_inspection_bot_ws/src/install/inspection_bot_bringup/share/inspection_bot_bringup/local_setup.sh\n'}
[15.276520] (inspection_bot_bringup) StdoutLine: {'line': b'-- Installing: /media/sf_inspection_bot_ws/src/install/inspection_bot_bringup/share/inspection_bot_bringup/local_setup.zsh\n'}
[15.294453] (inspection_bot_bringup) StdoutLine: {'line': b'-- Installing: /media/sf_inspection_bot_ws/src/install/inspection_bot_bringup/share/inspection_bot_bringup/local_setup.dsv\n'}
[15.307132] (inspection_bot_bringup) StdoutLine: {'line': b'-- Installing: /media/sf_inspection_bot_ws/src/install/inspection_bot_bringup/share/inspection_bot_bringup/package.dsv\n'}
[15.324723] (inspection_bot_bringup) StdoutLine: {'line': b'-- Installing: /media/sf_inspection_bot_ws/src/install/inspection_bot_bringup/share/ament_index/resource_index/packages/inspection_bot_bringup\n'}
[15.338647] (inspection_bot_bringup) StdoutLine: {'line': b'-- Installing: /media/sf_inspection_bot_ws/src/install/inspection_bot_bringup/share/inspection_bot_bringup/cmake/inspection_bot_bringupConfig.cmake\n'}
[15.353079] (-) TimerEvent: {}
[15.353779] (inspection_bot_bringup) StdoutLine: {'line': b'-- Installing: /media/sf_inspection_bot_ws/src/install/inspection_bot_bringup/share/inspection_bot_bringup/cmake/inspection_bot_bringupConfig-version.cmake\n'}
[15.366383] (inspection_bot_bringup) StdoutLine: {'line': b'-- Installing: /media/sf_inspection_bot_ws/src/install/inspection_bot_bringup/share/inspection_bot_bringup/package.xml\n'}
[15.382687] (inspection_bot_bringup) CommandEnded: {'returncode': 0}
[15.453373] (-) TimerEvent: {}
[15.554764] (-) TimerEvent: {}
[15.630934] (inspection_bot_bringup) JobEnded: {'identifier': 'inspection_bot_bringup', 'rc': 0}
[15.641978] (-) EventReactorShutdown: {}
